ID RH;RG;CPF;Ramal;Estado Civil;Nome Completo;Login;Data de Nascimento;CEP;Data de Contratacao;Data de Demissao;Dias Uteis Trabalhados Ano Orcamentario;Salario Base;Impostos;Beneficios;VT;VR;Cargo;Bandeira;Codigos;Quantidade de Acessos;Ferias Acumuladas;Ferias Remuneradas;Horas Extras;Valores Adicionais;ID de Pessoal;ID da area;Nível;Área;COD Área;COD Nível;Quadro;Bonus;Contratacao;Descrição Nível;Tempo no Nível;Plano de Saúde;Plano Odontológico;Setor Responsável;Plano de Carreira
1;455550390;57507179051;6482;C;Gabriel Mesquita;gabriel.mesquita;1970-01-03;20125535;2006-03-18;0;214;21910;10955;4382;242;719,04;OPV;;UAK1729-MCG;140;47;;97;;;10;Diretor;Operações;JAJ;JE;Efetivo;S;Diretoria;Estagiário;1.0;Sim;Não;RH Universidade;Sim
2;732355385;50388536767;6177;C;João Haddad;joão.haddad;1974-04-28;25995770;2008-06-08;0;171;5404;2702;1080,8;154;574,56;LOI;;QDI6697-POC;143;31;;166;;;545;Estagiário;Logísitca;EDE;JA;Efetivo;N;Gerente;Analista;4.0;Sim;Não;RH Empresas;Sim
3;943205737;59035293914;7736;C;Amanda Marques Ribeiro;amanda.ribeiro;1990-01-09;37278465;2008-01-05;0;217;16066;8033;3213,2;154;729,12;ADI;;AJB6796-ZAR;110;60;;188;;;213;Estagiário;Administrativo;BAC;JA;Efetivo;N;Gerente;Coordenador;5.0;Sim;Sim;RH Empresas;Sim
4;968298499;51397043200;5238;C;Guilherme Nunez;guilherme.nunez;1993-05-09;49897703;2011-05-05;0;156;21305;10652,5;4261;220;524,16;ADII;;UXE5742-IZD;101;41;;176;;;213;Analista;Administrativo;BAC;DB;Terceiro;N;RH;Gerente;10.0;Sim;Sim;RH Empresas;Não
5;332164465;1296878897;5182;C;Adelino Gomes;adelino.gomes;1974-04-01;30149335;2000-03-18;0;216;5098;2549;1019,6;176;725,76;ADII;;OKI6642-TSV;35;9;;121;;;213;Analista;Operações;JAJ;DB;Terceiro;N;RH;Diretor;10.0;Sim;Sim;RH Headhunter;Não
6;308540039;82450866508;7725;C;Audir de Avila Goulart;audir.goulart;1999-05-21;22796750;2017-06-14;0;177;23688;11844;4737,6;242;594,72;OPII;;EOZ6407-AHG;75;27;;55;150.0;;10;Diretor;Financeiro;CBB;JE;Efetivo;S;Diretoria;;;;;;
7;970144682;10987705941;3428;C;Zilma Guimarães;zilma.guimarães;1999-09-30;44060184;2017-09-25;0;242;17875;8937,5;3575;286;813,12;FIV;;NFQ7851-CCO;62;6;;98;;;322;Analista;Financeiro;CBB;DB;Terceiro;N;RH;;;;;;
8;605178030;76842679305;4276;C;Gil Bonder;gil.bonder;1989-06-24;43115256;2007-06-20;0;229;3540;1770;708;198;769,44;OPII;;PRS1638-RLS;121;12;;37;;;10;Coordenador;Administrativo;BAC;DB;Terceiro;N;RH;;;;;;
9;861631953;74310689799;6625;S;Gustavo de Melo Teixeira;gustavo.teixeira;1990-07-07;34949262;2008-07-02;0;222;23512;11756;4702,4;242;745,92;FIII;;NLT6797-NHJ;90;49;;116;;;322;Gerente;Logísitca;EDE;ID;Efetivo;S;Diretoria;;;;;;
10;156468673;92175010221;4219;S;Andre Campos;andre.campos;1989-07-03;34786165;2013-02-27;0;214;24857;12428,5;4971,4;264;719,04;ADIII;;SXZ6534-MCZ;55;21;;164;;;213;Estagiário;Financeiro;CBB;JA;Efetivo;N;Gerente;;;;;;
11;182915795;88574140300;3626;S;André Melo Soledade;andré.soledade;1972-08-19;47757686;1997-06-15;0;214;9955;4977,5;1991;198;719,04;ADII;;LFE7557-VUB;142;6;;191;;;213;Coordenador;Logísitca;EDE;DB;Terceiro;N;RH;;;;;;
12;413092549;74387929625;1651;S;Natalia Morgan Loureiro;natalia.loureiro;1971-02-01;49949843;1990-01-13;1999-12-23;168;3179;1589,5;635,8;154;564,48;ADII;;GGD4018-YSH;95;11;;50;1500.0;;213;Coordenador;Comercial;JAA;DB;Terceiro;N;RH;;;;;;
13;658540057;55830536968;2749;C;Luca Costa;luca.costa;1977-09-26;29865779;2008-12-02;0;196;22980;11490;4596;176;658,56;LOIV;;JDK1450-NTV;140;45;;117;;;545;Gerente;Comercial;JAA;ID;Efetivo;S;Diretoria;;;;;;
14;843569528;54730799637;5853;C;Jessica Oliveira Lima;jessica.lima;1986-02-07;35975718;2004-02-03;0;180;2182;1091;436,4;220;604,8;FII;;FLF3450-RHQ;142;28;;111;;;322;Diretor;Administrativo;BAC;JE;Efetivo;S;Diretoria;;;;;;
15;791412983;99880514390;5261;C;Caio Scalabrin;caio.scalabrin;1970-06-09;32029708;1998-08-19;2008-06-16;203;22680;11340;4536;242;682,08;ADIII;;FRY7251-EVJ;54;25;;77;;;213;Coordenador;Financeiro;CBB;DB;Terceiro;N;RH;;;;;;
16;472900409;58073890246;2299;S;Vinicius Freitas;vinicius.freitas;1988-12-25;25892815;2016-09-07;0;236;2411;1205,5;482,2;264;792,96;FIII;;FVH3591-YKG;38;29;;38;;;322;Analista;Logísitca;EDE;DB;Terceiro;N;RH;;;;;;
17;711435762;61294979931;4017;S;Pedro Carrera;pedro.carrera;1971-07-14;35752243;1991-08-25;0;187;15718;7859;3143,6;176;628,32;LOIII;;YVU2316-INY;90;55;;179;;;545;Gerente;Operações;JAJ;ID;Efetivo;S;RH;;;;;;
18;684665210;90419094811;2858;S;Isabella Bernardo;isabella.bernardo;1978-05-10;49335895;2017-10-27;0;171;8460;4230;1692;308;574,56;COIII;;QXK4553-WLP;145;60;;98;;;11;Analista;Comercial;JAA;DB;Terceiro;N;RH;;;;;;
19;456872620;80042375281;3290;S;Felipe Sousa Melo;felipe.melo;1997-07-25;35144102;2015-07-21;2018-01-07;150;4860;2430;972;308;504;OPII;;FPP1975-CAF;70;40;;55;;;10;Estagiário;Operações;JAJ;JA;Efetivo;N;Gerente;;;;;;
20;306216162;9952323392;7559;S;Pedro Fontes;pedro.fontes;1993-02-02;37298996;2011-01-29;2012-03-06;239;12499;6249,5;2499,8;176;803,04;OPII;;LGB7431-USR;146;44;;11;;;10;Estagiário;Comercial;JAA;JA;Efetivo;N;Gerente;;;;;;
21;107803754;76884371772;4076;C;Maria Lobo;maria.lobo;1975-12-31;29675378;2006-12-24;0;249;19045;9522,5;3809;264;836,64;FIV;;JWJ2767-YSO;97;31;;133;;;322;Coordenador;Operações;JAJ;DB;Terceiro;N;RH;;;;;;
22;676648702;53442435980;3181;S;Bruno Vargas;bruno.vargas;1987-03-17;45877495;2013-03-15;0;163;10726;5363;2145,2;198;547,68;COIV;;PFJ8300-SVX;108;7;;2;;;11;Gerente;Administrativo;BAC;ID;Efetivo;S;RH;;;;;;
23;698776875;44454372496;2198;S;Bárbara Spenchutt Vieira;bárbara.vieira;1997-10-02;20448128;2017-06-22;0;221;9402;4701;1880,4;154;742,56;ADI;;QAU7458-YVM;87;46;;196;;;213;Gerente;Financeiro;CBB;ID;Efetivo;S;Diretoria;;;;;;
24;190380293;80646889575;4917;S;Andre Ramos;andre.ramos;1983-06-14;47499393;2013-12-27;0;235;13024;6512;2604,8;286;789,6;OPV;;ZPQ9134-WAU;77;1;;82;;;10;Diretor;Logísitca;EDE;JE;Efetivo;S;Diretoria;;;;;;
25;669446675;32150458469;4141;S;Livia Mello;livia.mello;1985-07-06;25310016;2003-07-02;0;167;23612;11806;4722,4;264;561,12;ADV;;HLZ4890-QRM;120;46;;160;;;213;Diretor;Comercial;JAA;JE;Efetivo;S;Diretoria;;;;;;
26;762921558;10613644993;7408;C;Jéssica Neves Heimlich;jéssica.heimlich;1991-02-22;31389047;2013-07-08;0;190;16364;8182;3272,8;154;638,4;COIII;;VDR2490-DOT;77;57;;2;;;11;;;;;;;;;;;;;
27;633317875;39560733219;6002;C;Carolina Monteiro;carolina.monteiro;1991-03-19;31780433;2010-08-04;0;189;1865;932,5;373;198;635,04;FIIII;;WRY5193-OZU;99;54;;9;;;322;;;;;;;;;;;;;
28;511591702;94183063959;6939;S;Luís Werneck;luís.werneck;1991-10-21;38114990;2009-10-16;0;243;7601;3800,5;1520,2;198;816,48;COIV;;EKB6870-PBN;33;44;;97;;;11;;;;;;;;;;;;;
29;443973441;8330691531;1998;C;Cícero Barcelos Tagliari;cícero.tagliari;1978-06-02;28589632;2007-08-01;0;190;11283;5641,5;2256,6;176;638,4;OPII;;SLH6203-TXJ;32;34;;85;;;10;;;;;;;;;;;;;
30;678558573;41787164393;4059;S;Gabriela Coutinho;gabriela.coutinho;1982-09-05;20809521;2010-04-17;2017-09-29;189;12104;6052;2420,8;154;635,04;LOIII;;DEL9470-JFD;113;18;;14;;;545;;;;;;;;;;;;;
31;639216635;37634974772;2281;S;Thayná Freitas Medronho;thayná.medronho;1975-07-02;47649712;2008-09-22;0;180;9562;4781;1912,4;264;604,8;LOII;;VNG2453-DGA;125;16;;195;;;545;;;;;;;;;;;;;
32;444964987;84826119176;4931;C;Marina Silva Pacheco;marina.pacheco;1981-02-18;49055261;2002-02-26;0;188;24271;12135,5;4854,2;308;631,68;ADIII;;JUC7439-HDH;23;4;;149;;;213;;;;;;;;;;;;;
33;638732801;82400382776;3835;C;Luana Lopes;luana.lopes;1982-06-19;46700628;2016-02-02;2018-01-07;217;20218;10109;4043,6;264;729,12;ADIII;;GPT8665-PVU;80;17;;68;;;213;;;;;;;;;;;;;
34;338306501;46184061397;6053;C;Vitor Cordovil de Maglhães;vitor.maglhães;1995-07-25;32410076;2013-08-27;0;178;13652;6826;2730,4;220;598,08;OPIV;;GOS6898-NUN;55;47;;113;;;10;;;;;;;;;;;;;
35;886501538;87024456799;1949;C;Carolina Gaspar de Mattos      ;carolina.mattos;1977-03-24;36029684;2006-11-28;0;167;10078;5039;2015,6;198;561,12;ADII;;STD4596-HEB;109;46;;84;;;213;;;;;;;;;;;;;
36;534850026;32131215034;5928;S;Victor Mota;victor.mota;1971-08-22;47497691;1994-09-22;0;238;19456;9728;3891,2;286;799,68;COII;;VVK1309-OJI;22;49;;185;;;11;;;;;;;;;;;;;
37;616461796;55367561228;4178;C;Marcos Almeida Albuquerque Faria;marcos.faria;1978-02-28;44716292;2016-11-30;0;161;3398;1699;679,6;242;540,96;FIII;;CRA1678-EWX;117;25;;120;;;322;;;;;;;;;;;;;
38;140108816;37388100360;4063;S;Marcelo Amaral Coelho;marcelo.coelho;1995-05-01;24394828;2013-04-26;0;241;17475;8737,5;3495;176;809,76;OPI;;WWI4336-TYY;36;31;;173;;;10;;;;;;;;;;;;;
39;498013065;38444377165;6483;S;Tomas Guadagnino;tomas.guadagnino;1987-12-03;38928294;2005-11-28;0;222;14468;7234;2893,6;308;745,92;COI;;EQK5503-SKS;139;60;;39;;;11;;;;;;;;;;;;;
40;379781785;26777450157;6958;C;Giovana de Oliveira e Mello     ;giovana.mello;1987-04-20;44017250;2005-05-27;2006-12-17;185;7129;3564,5;1425,8;264;621,6;OPIII;;TNH4387-BVN;79;36;;2;;;10;;;;;;;;;;;;;
41;580043821;53345652611;6765;C;Leticia Mota;leticia.mota;1975-01-23;20731360;2011-12-06;2016-11-04;247;16386;8193;3277,2;198;829,92;COII;;QZB6798-HOP;95;15;;63;;;11;;;;;;;;;;;;;
42;743920592;13672177381;2469;S;Beatriz Rodrigues;beatriz.rodrigues;1987-02-04;38162448;2005-01-30;2008-06-29;184;16167;8083,5;3233,4;264;618,24;ADII;;ZTM5967-ENB;104;25;;25;;;213;;;;;;;;;;;;;
43;233651794;69598912741;2982;C;Guilherme Araujo Kelly;guilherme.kelly;1981-12-30;20491947;2003-10-12;2006-11-26;239;3319;1659,5;663,8;308;803,04;LOIV;;LTK4563-NCS;95;0;;53;;;545;;;;;;;;;;;;;
44;531613877;5343014627;2090;C;Matheus Pereira dos Santos;matheus.santos;1981-09-05;39852094;2009-05-26;0;219;17930;8965;3586;308;735,84;OPI;;KUF5904-VWS;75;56;;152;;;10;;;;;;;;;;;;;
45;971638278;97612583834;5360;C;Mariana Martins;mariana.martins;1993-04-30;29254981;2011-04-26;0;155;3374;1687;674,8;286;520,8;COII;;FYY9183-YVG;100;55;;142;;;11;;;;;;;;;;;;;
46;403255556;90743788681;6041;C;Rafael Rozental;rafael.rozental;1970-11-29;28601966;2002-04-26;0;187;20030;10015;4006;308;628,32;ADV;;PKW5555-EMJ;77;21;;81;;;213;;;;;;;;;;;;;
47;337580360;96251016348;1707;S;Rodrigo e Silva Lemos;rodrigo.lemos;1982-01-12;38756804;2000-01-08;0;232;7480;3740;1496;264;779,52;OPIII;;ZUK7881-WTQ;127;0;;156;;;10;;;;;;;;;;;;;
48;993311564;82554147473;7520;S;Marianna Pereira da Silva;marianna.silva;1997-10-08;20268909;2015-10-04;0;247;3947;1973,5;789,4;176;829,92;FII;;XJE6537-GZR;67;16;;160;;;322;;;;;;;;;;;;;
49;229987650;96835281373;6444;C;Roberto Suzano;roberto.suzano;1990-07-13;30671573;2008-07-08;0;151;24509;12254,5;4901,8;154;507,36;FIV;;WFO7622-DVW;120;50;;142;;;322;;;;;;;;;;;;;
50;885637441;27461461679;4466;S;Leonardo Silva Gomes;leonardo.gomes;1977-01-12;33558620;2005-09-05;2008-03-17;153;12394;6197;2478,8;220;514,08;FIV;;CXR9793-VZV;34;40;;77;;;322;;;;;;;;;;;;;
51;173470428;60565008263;7094;S;Matheus Sepúlveda;matheus.sepúlveda;1984-01-03;23294683;2013-06-03;0;238;12832;6416;2566,4;242;799,68;ADI;;JKJ2027-WKV;126;14;;44;;;213;;;;;;;;;;;;;
52;752348160;85198417825;2065;S;Jéssica de Morais Silva;jéssica.silva;1979-09-18;43564524;2014-11-07;0;231;20951;10475,5;4190,2;308;776,16;LOIII;;YOI8978-AAR;131;13;;114;;;545;;;;;;;;;;;;;
53;613476929;36847018907;5452;C;Gabriel Rozental;gabriel.rozental;1980-06-30;41565611;2000-04-07;2004-06-02;196;1872;936;374,4;242;658,56;OPII;;ABL7203-DSP;63;54;;25;;;10;;;;;;;;;;;;;
54;289498961;52374080491;3944;C;Patrick da Silva Farias ;patrick.farias;1994-01-29;30055064;2012-01-25;0;196;23391;11695,5;4678,2;220;658,56;ADI;;MYD2075-XEK;149;22;;76;;;213;;;;;;;;;;;;;
55;471934947;1072732223;3103;S;Marcello Venturini de Freitas;marcello.freitas;1991-07-08;24646714;2009-07-03;2010-03-01;221;3861;1930,5;772,2;198;742,56;OPIII;;FVQ9105-INE;34;26;;180;;;10;;;;;;;;;;;;;
56;441836342;70906507885;4828;S;Isabelle Tiradentes;isabelle.tiradentes;1972-06-17;47502117;1993-05-11;0;166;19297;9648,5;3859,4;154;557,76;COI;;NPD6685-WIV;114;3;;142;;;11;;;;;;;;;;;;;
57;587945722;54642088823;1302;C;Raissa Carelli;raissa.carelli;1984-11-16;30987596;2002-11-12;0;197;24482;12241;4896,4;220;661,92;OPI;;OBP9618-AYZ;86;57;;4;;;10;;;;;;;;;;;;;
58;672290514;27148931071;3543;C;Lorena Marinho;lorena.marinho;1994-02-15;38135763;2012-02-11;0;226;7049;3524,5;1409,8;286;759,36;LOII;;RZX5393-OKE;35;17;;162;;;545;;;;;;;;;;;;;
59;348351354;92249378299;6617;S;Valentina Soares;valentina.soares;1996-04-02;37063517;2014-03-29;2018-01-07;218;8743;4371,5;1748,6;198;732,48;OPV;;NDD1876-ZCV;75;4;;45;;;10;;;;;;;;;;;;;
60;473992858;43020461189;6356;S;Fillipe Tupini;fillipe.tupini;1994-03-17;47265296;2012-03-12;0;236;19379;9689,5;3875,8;286;792,96;LOII;;YYJ8161-ZZA;92;18;;174;;;545;;;;;;;;;;;;;
61;733055617;70947774668;6587;C;Michelle Zerbinato;michelle.zerbinato;1992-12-07;21433833;2015-03-09;0;154;13008;6504;2601,6;308;517,44;LOI;;DUA4194-ITB;143;4;;81;;;545;;;;;;;;;;;;;
62;821413862;83362534903;6788;C;Luiz Guarçoni Migueis;luiz.migueis;1980-09-04;47416246;2014-02-25;0;161;19843;9921,5;3968,6;154;540,96;COIII;;PHA1382-FMJ;95;9;;193;;;11;;;;;;;;;;;;;
63;226520034;58990891166;3903;S;João Monteiro;joão.monteiro;1988-04-28;25516035;2013-06-22;0;246;11983;5991,5;2396,6;264;826,56;ADII;;JLS3846-OSF;38;37;;174;;;213;;;;;;;;;;;;;
64;432815331;17507519379;2633;C;Douglas Costa;douglas.costa;1988-08-07;21987179;2006-08-03;0;176;16484;8242;3296,8;264;591,36;OPI;;NRU8306-DPZ;65;16;;21;;;10;;;;;;;;;;;;;
65;599595958;61335203433;5546;C;João Ramos;joão.ramos;1980-09-12;46803076;1998-09-08;0;150;11596;5798;2319,2;198;504;COIII;;KUB6574-VMR;135;31;;61;;;11;;;;;;;;;;;;;
66;531722083;35900521383;1522;S;Poline Limp;poline.limp;1976-04-03;21139804;2012-02-19;0;244;19441;9720,5;3888,2;242;819,84;LOI;;SGS4567-PFP;70;21;;162;;;545;;;;;;;;;;;;;
67;777593239;49303014478;1546;C;Carla Amiccuci Areias;carla.areias;1986-05-07;20982322;2004-05-02;0;247;12054;6027;2410,8;308;829,92;FIIII;;MUC8795-XTC;65;35;;91;;;322;;;;;;;;;;;;;
68;373077087;40570494309;7895;S;Fernanda Rossini;fernanda.rossini;1982-11-10;45583763;2002-07-07;0;217;17943;8971,5;3588,6;264;729,12;FIII;;PMV6244-DZH;102;40;;4;;;322;;;;;;;;;;;;;
69;630811437;22907920992;3339;S;Leandro Almeida Neri;leandro.neri;1974-03-30;44841943;2000-08-26;0;180;4811;2405,5;962,2;220;604,8;ADIII;;RGC2981-TIL;80;17;;147;;;213;;;;;;;;;;;;;
70;594348050;57007091977;7902;S;Luiz Rodrigues Chaves;luiz.chaves;1983-01-20;38160945;2001-01-15;0;174;3391;1695,5;678,2;176;584,64;OPI;;JEK4790-LVT;145;32;;157;;;10;;;;;;;;;;;;;
71;592360975;83370176564;5274;S;Leonardo Valença Castro;leonardo.castro;1989-04-05;49489965;2014-12-30;0;203;16054;8027;3210,8;176;682,08;OPII;;TDB7254-SAT;137;31;;107;;;10;;;;;;;;;;;;;
72;244866609;53557650797;7302;S;Lucas Duarte;lucas.duarte;1970-01-05;22231674;1996-04-15;0;156;11867;5933,5;2373,4;264;524,16;LOII;;WWH8576-GLA;97;56;;46;;;545;;;;;;;;;;;;;
73;714553555;58026423420;5685;S;José Rodrigues Pereira;josé.pereira;1972-10-02;44392163;2001-07-13;0;206;2439;1219,5;487,8;264;692,16;COII;;TOR4124-UEA;147;33;;190;;;11;;;;;;;;;;;;;
74;653328735;25283907888;2885;S;Átila Godoy de Melo;átila.melo;1985-02-12;33706705;2012-02-25;0;199;8831;4415,5;1766,2;264;668,64;FII;;NST2030-PTV;35;3;;12;;;322;;;;;;;;;;;;;
75;474121843;59706665923;2035;C;Nicole Marquito de Paiva Torres;nicole.torres;1997-06-08;25188908;2015-06-04;2016-09-21;205;9787;4893,5;1957,4;286;688,8;OPII;;LEQ5001-ESK;131;41;;180;;;10;;;;;;;;;;;;;
76;427388096;39608438530;2640;C;Lucas de Jesus;lucas.jesus;1985-11-22;24933118;2004-09-27;0;182;19621;9810,5;3924,2;154;611,52;ADII;;NJB1928-VMR;26;57;;18;;;213;;;;;;;;;;;;;
77;646616155;96176994998;7235;S;Bruno de Souza;bruno.souza;1973-11-15;40178855;2013-03-03;0;246;20048;10024;4009,6;154;826,56;ADII;;BLJ4436-ZDQ;59;19;;9;;;213;;;;;;;;;;;;;
78;975329320;64835286968;2323;S;Gabriel Castro Cerqueira;gabriel.cerqueira;1996-05-24;24631016;2014-05-20;0;153;19086;9543;3817,2;264;514,08;COII;;WMJ8165-DVQ;32;8;;12;;;11;;;;;;;;;;;;;
79;252474906;43561231474;1758;S;Larissa Coutinho Beltrao;larissa.beltrao;1982-10-03;38047673;2014-06-30;0;205;17207;8603,5;3441,4;198;688,8;OPV;;ZXA6905-CRS;33;5;;90;;;10;;;;;;;;;;;;;
80;856357431;8109619679;7584;S;Frederico Vidal;frederico.vidal;1985-05-23;39486682;2010-05-31;0;154;7833;3916,5;1566,6;220;517,44;COII;;IOJ6041-JEL;38;45;;86;;;11;;;;;;;;;;;;;
81;778875609;48887229405;3259;C;Giuseppe Fernandes;giuseppe.fernandes;1981-01-01;27566227;2010-02-13;0;228;12377;6188,5;2475,4;308;766,08;LOIII;;PXQ3031-CLK;55;5;;60;;;545;;;;;;;;;;;;;
82;325916532;84926158288;1463;C;Rafael Soares dos Santos;rafael.santos;1987-02-04;43050334;2005-01-30;2010-04-17;156;6677;3338,5;1335,4;264;524,16;FIIII;;LTM9276-UTH;121;47;;148;;;322;;;;;;;;;;;;;
83;609252585;86353701624;5233;S;Larissa do Nascimento Lima;larissa.lima;1987-11-19;46032692;2007-09-07;0;198;6708;3354;1341,6;198;665,28;ADI;;OGF6863-XQK;146;21;;59;;;213;;;;;;;;;;;;;
84;237793259;51774666970;7677;S;Fernanda Castro Morett Ceppas;fernanda.ceppas;1985-01-10;42283072;2008-12-27;0;175;9326;4663;1865,2;220;588;LOII;;III5029-LMU;89;50;;123;;;545;;;;;;;;;;;;;
85;588172925;16582949916;2631;C;Rodrigo dos Santos Villares Vianna;rodrigo.vianna;1980-08-26;25378805;2001-10-19;0;243;20377;10188,5;4075,4;286;816,48;OPI;;DTB8469-QRT;37;38;;74;;;10;;;;;;;;;;;;;
86;973208232;95043372192;4743;C;Felipe Jordão Teixeira;felipe.teixeira;1988-05-20;39894941;2006-05-16;0;205;9062;4531;1812,4;308;688,8;ADI;;ACH6405-MLG;40;9;;67;;;213;;;;;;;;;;;;;
87;964370969;10054001100;1745;S;Luiz Rodrigues de Souza;luiz.souza;1976-10-01;29604908;2004-07-01;2012-08-14;151;11613;5806,5;2322,6;264;507,36;ADIII;;APV6099-AHQ;111;38;;73;;;213;;;;;;;;;;;;;
88;876700065;39394659681;4473;S;Aline de Souza;aline.souza;1981-09-06;45181737;2011-03-31;0;154;4182;2091;836,4;286;517,44;ADIV;;KAT9516-NRF;117;37;;93;;;213;;;;;;;;;;;;;
89;233923051;20250511364;7936;C;Roberto Leite;roberto.leite;1999-10-19;27207970;2017-10-14;2018-01-07;150;18442;9221;3688,4;242;504;COIII;;JCA2930-OQA;23;5;;19;;;11;;;;;;;;;;;;;
90;887626776;36754977877;1952;S;Bruna Tavares Vasconcelos;bruna.vasconcelos;1980-10-01;20922600;2017-08-28;0;176;12101;6050,5;2420,2;176;591,36;ADI;;WLJ3935-FTH;37;39;;103;;;213;;;;;;;;;;;;;
91;933126418;53299149773;7759;S;Luana Stockler;luana.stockler;1989-07-24;48130849;2007-07-20;0;247;2247;1123,5;449,4;264;829,92;COIII;;FCS8459-KGM;87;10;;69;;;11;;;;;;;;;;;;;
92;633403160;77304603107;5359;S;Alberto Ruzza de Carvalho;alberto.carvalho;1980-06-08;40694508;2007-10-20;0;229;15433;7716,5;3086,6;308;769,44;OPI;;PWO4177-IJL;43;13;;121;;;10;;;;;;;;;;;;;
93;593399215;99686161948;6490;S;Rafael Hollander;rafael.hollander;1998-08-26;26900299;2016-08-21;0;225;4933;2466,5;986,6;198;756;FIII;;RMY9279-EYU;37;45;;171;;;322;;;;;;;;;;;;;
94;526758863;69895817206;3060;C;Marina Vasconcelos de Sousa;marina.sousa;1974-03-10;27386367;2004-08-03;0;229;23792;11896;4758,4;220;769,44;OPIII;;RHP4277-IYP;115;35;;145;;;10;;;;;;;;;;;;;
95;343497029;85220225281;5623;C;Amanda Ferreira;amanda.ferreira;1999-06-30;49319901;2017-06-25;2018-01-07;181;12946;6473;2589,2;286;608,16;OPIII;;EZB7956-PRV;94;16;;124;;;10;;;;;;;;;;;;;
96;927070739;24497830089;7131;C;Daniel Thuler;daniel.thuler;1977-10-05;43476160;2004-03-15;2005-03-07;204;2952;1476;590,4;286;685,44;OPII;;VSF2348-RTV;55;12;;113;;;10;;;;;;;;;;;;;
97;602013614;61274119929;4257;C;João Fagundes;joão.fagundes;1997-06-05;22471851;2015-06-01;0;185;22386;11193;4477,2;264;621,6;OPI;;DTO3596-PFP;20;4;;54;;;10;;;;;;;;;;;;;
98;117694466;37828340622;1888;C;Brenda Lopes;brenda.lopes;1974-03-27;43530569;2010-12-30;0;155;5026;2513;1005,2;242;520,8;COIV;;BSP8251-DKQ;124;39;;195;;;11;;;;;;;;;;;;;
99;509679525;85240340884;4719;C;Rafael Viana Santos;rafael.santos;1989-10-17;31298290;2011-11-14;0;206;18763;9381,5;3752,6;154;692,16;ADIII;;WZS2359-MIK;74;25;;23;;;213;;;;;;;;;;;;;
100;865518735;43165902894;2245;S;Juliana Vieira Filho;juliana.filho;1970-08-22;25475749;2004-11-26;0;177;1961;980,5;392,2;286;594,72;OPIII;;CBV8647-LZO;22;23;;98;;;10;;;;;;;;;;;;;
101;694331072;9003887147;5102;C;Victoria Nascimento Viríssimo;victoria.viríssimo;1970-05-03;27741357;1997-01-06;0;179;21647;10823,5;4329,4;308;601,44;LOII;;UTD4893-XXU;54;32;;164;;;545;;;;;;;;;;;;;
102;286981266;67211879291;1404;C;Adriano de Souza;adriano.souza;1993-12-11;35984704;2011-12-07;0;151;2378;1189;475,6;220;507,36;COI;;CMW7923-SYL;136;59;;158;;;11;;;;;;;;;;;;;
103;686523389;99456233287;6395;C;Rodrigo Barreto;rodrigo.barreto;1986-02-26;37900471;2004-07-02;0;168;5799;2899,5;1159,8;286;564,48;COIV;;SEH9740-ENV;50;27;;171;;;11;;;;;;;;;;;;;
104;150580874;91737639304;6069;S;Vinícius Maluf;vinícius.maluf;1982-11-07;41629679;2007-06-15;2013-03-17;210;21660;10830;4332;154;705,6;COI;;FJB5293-ACY;120;33;;26;;;11;;;;;;;;;;;;;
105;415507616;30994676682;7903;S;Roberta Vaz;roberta.vaz;1992-04-18;28302092;2010-04-14;0;208;21315;10657,5;4263;286;698,88;COI;;ZFI1637-CCQ;45;17;;161;;;11;;;;;;;;;;;;;
106;340805214;87543439209;4523;C;José Cardeman;josé.cardeman;1997-12-05;29389562;2015-12-01;2018-01-07;245;4626;2313;925,2;242;823,2;FIIII;;FOR5614-QHB;132;22;;175;;;322;;;;;;;;;;;;;
107;394640733;75486328474;5602;S;Matheus Garcia Borges;matheus.borges;1979-04-02;31761244;2002-07-16;2010-05-07;183;14200;7100;2840;308;614,88;LOII;;EHE6645-ZFG;40;12;;126;;;545;;;;;;;;;;;;;
108;958591003;66328708348;7044;C;Guilherme Rocha Venancio Alonso Da Silva;guilherme.silva;1992-11-24;28872553;2016-11-17;2017-10-02;194;23323;11661,5;4664,6;220;651,84;ADV;;NNU2293-RHK;135;3;;164;;;213;;;;;;;;;;;;;
109;177480700;12078625607;4879;C;Bruna Calmon;bruna.calmon;1972-01-21;20894454;1991-08-20;0;186;15076;7538;3015,2;242;624,96;LOIV;;JEW9356-YGT;146;0;;41;;;545;;;;;;;;;;;;;
110;137913886;8904407827;7747;S;Higor Frossard;higor.frossard;1998-07-28;27881248;2016-07-23;0;240;5556;2778;1111,2;264;806,4;OPI;;BVR6040-PKW;148;9;;79;;;10;;;;;;;;;;;;;
111;846553752;39058390996;2775;S;Daniela Santos Silva;daniela.silva;1991-03-13;32762432;2009-03-08;0;165;9367;4683,5;1873,4;198;554,4;OPI;;YCM5362-KVL;115;57;;0;;;10;;;;;;;;;;;;;
112;177736483;40031578683;4494;S;Matheus Sone;matheus.sone;1977-02-04;23232489;2003-03-29;0;198;17393;8696,5;3478,6;264;665,28;OPIII;;AVF3939-FZZ;80;42;;97;;;10;;;;;;;;;;;;;
113;734906034;52543439006;4619;C;Aline Santos Silva;aline.silva;1981-08-19;31908304;2015-02-17;0;205;22887;11443,5;4577,4;242;688,8;COII;;TBN9839-DTP;53;23;;64;;;11;;;;;;;;;;;;;
114;930055566;543719535;5147;S;Natalia Indelicato;natalia.indelicato;1979-08-19;41397449;2004-07-17;2012-06-09;174;20141;10070,5;4028,2;242;584,64;OPII;;YNF2039-LUJ;132;35;;104;;;10;;;;;;;;;;;;;
115;845318164;86837351362;5246;S;Pedro Wermelinger Santos;pedro.santos;1990-08-25;40419579;2011-03-06;2015-11-14;215;19228;9614;3845,6;308;722,4;ADI;;OKU7037-BJX;148;58;;73;;;213;;;;;;;;;;;;;
116;235304894;66343320056;4574;C;Bruno Cunha Felippe;bruno.felippe;1998-09-28;39601742;2016-09-23;0;236;21154;10577;4230,8;198;792,96;LOII;;EKZ7848-ESK;48;58;;34;;;545;;;;;;;;;;;;;
117;288726531;78645709056;7301;C;Flávio Jacques Gamboa Fernandez de Oliveira Netto;flávio.netto;1994-09-30;33769427;2012-09-25;0;183;17709;8854,5;3541,8;220;614,88;FII;;KFU4502-QCO;121;0;;111;;;322;;;;;;;;;;;;;
118;727842295;58437812891;4855;C;Lucas Martins;lucas.martins;1988-01-12;48437941;2017-02-25;0;211;20424;10212;4084,8;308;708,96;OPIII;;LKO3769-KSV;59;25;;133;;;10;;;;;;;;;;;;;
119;759142473;49002955469;5141;C;Hanna Vaz;hanna.vaz;1970-08-03;38710042;1995-07-21;0;150;13568;6784;2713,6;176;504;ADIII;;ACR1951-NPN;135;0;;172;;;213;;;;;;;;;;;;;
120;780115759;37162163017;3254;S;Isabela Freitas;isabela.freitas;1971-02-01;29121225;2003-05-24;2010-09-05;201;11655;5827,5;2331;154;675,36;OPIII;;OQI4155-YXT;107;42;;170;;;10;;;;;;;;;;;;;
121;951594073;86814428662;6325;C;Paulo Rodrigues Pereira;paulo.pereira;1980-11-08;34678179;2004-05-23;0;197;9870;4935;1974;220;661,92;LOII;;TRL5313-ZXC;99;33;;185;;;545;;;;;;;;;;;;;
122;455406136;11171827036;5007;S;Thaís Lisboa;thaís.lisboa;1983-06-11;30445170;2016-08-22;0;243;2782;1391;556,4;286;816,48;FIII;;XDE9070-AJN;36;21;;80;;;322;;;;;;;;;;;;;
123;444360097;46296780759;4387;S;Thomaz Wegbrayt;thomaz.wegbrayt;1991-01-22;34279902;2009-01-17;0;188;17363;8681,5;3472,6;264;631,68;LOII;;GUL3647-KEB;21;60;;104;;;545;;;;;;;;;;;;;
124;588022193;56416277399;5724;S;Carolina Gonçalves Lixa Fontoura;carolina.fontoura;1984-05-20;31692906;2013-06-11;0;205;12559;6279,5;2511,8;242;688,8;COII;;WFF5385-SAG;61;48;;6;;;11;;;;;;;;;;;;;
125;469755388;15210371737;5062;S;Débora Pereira Ribeiro;débora.ribeiro;1976-07-10;26698929;1996-12-18;0;205;10766;5383;2153,2;308;688,8;FIIII;;FBU1511-YVC;76;51;;190;;;322;;;;;;;;;;;;;
126;600923385;85431642660;1652;C;Karine Gusmão;karine.gusmão;1971-07-08;20241049;1991-03-01;1998-04-12;199;4001;2000,5;800,2;154;668,64;ADI;;HBD7281-EHW;66;53;;167;;;213;;;;;;;;;;;;;
127;184309718;9749161333;3373;C;Isabelle de Sá Foly;isabelle.foly;1970-08-12;26918878;2010-02-12;0;247;14586;7293;2917,2;286;829,92;ADII;;YSX1858-YMW;124;52;;183;;;213;;;;;;;;;;;;;
128;595294024;29877187796;7582;C;Lucas Pinheiro Oliveira;lucas.oliveira;1971-05-14;21831765;2007-07-17;2009-10-07;244;24021;12010,5;4804,2;264;819,84;FIIII;;FXA3626-JFJ;104;28;;52;;;322;;;;;;;;;;;;;
129;925836109;25118666378;2668;S;Pedro Assis;pedro.assis;1974-04-17;35669174;2009-03-22;0;196;21566;10783;4313,2;242;658,56;LOII;;VYT7589-WCE;108;9;;192;;;545;;;;;;;;;;;;;
130;603708618;80804622668;7725;S;Mylena Pinheiro Mariano;mylena.mariano;1990-08-03;25874416;2008-07-29;0;178;5818;2909;1163,6;242;598,08;COIII;;KZK3760-NMY;136;5;;163;;;11;;;;;;;;;;;;;
131;769344859;90356066476;4598;C;Renan Taylor;renan.taylor;1995-03-27;46608605;2016-01-30;0;192;7428;3714;1485,6;154;645,12;FIIV;;GLZ5793-DMD;117;29;;174;;;322;;;;;;;;;;;;;
132;243863864;55793523524;5039;C;João Barbosa;joão.barbosa;1971-01-19;26378462;1989-06-09;0;216;6887;3443,5;1377,4;286;725,76;FIIV;;BTY2419-VZQ;149;23;;103;;;322;;;;;;;;;;;;;
133;949607826;93094571173;1317;S;Adrielle Sá Rodrigues;adrielle.rodrigues;1976-11-18;33185233;2001-04-27;0;161;11424;5712;2284,8;286;540,96;LOIII;;SYJ8887-PHE;110;18;;147;;;545;;;;;;;;;;;;;
134;633481953;73492961189;2412;S;Caroline Gaspar de Mattos      ;caroline.mattos;1995-07-25;49497426;2014-04-16;2015-06-12;233;24769;12384,5;4953,8;198;782,88;OPIII;;DPI9737-KTI;41;37;;71;;;10;;;;;;;;;;;;;
135;932776517;85312817519;2192;C;Caroline Valente de Figueiredo;caroline.figueiredo;1987-07-17;21613320;2005-07-12;0;247;13506;6753;2701,2;154;829,92;ADIII;;CMA4800-VMM;56;48;;90;;;213;;;;;;;;;;;;;
136;374534296;30956607102;2517;C;Julia Valim;julia.valim;1986-01-24;29222960;2005-03-07;2012-04-10;215;10961;5480,5;2192,2;154;722,4;FIII;;ELZ6317-QGI;66;22;;191;;;322;;;;;;;;;;;;;
137;673312392;63333609746;3810;C;Stefan Vargas;stefan.vargas;1976-01-03;36858409;1994-07-16;0;194;17437;8718,5;3487,4;176;651,84;COII;;NCP8415-LEP;88;11;;48;;;11;;;;;;;;;;;;;
138;390574367;26493553037;1930;S;Maria Lopes de Almeida;maria.almeida;1996-09-08;46661375;2014-09-04;0;164;13893;6946,5;2778,6;242;551,04;COII;;CMH9765-QFZ;148;4;;173;321.0;;11;;;;;;;;;;;;;
139;408424820;54623421808;6040;S;Paloma Albano;paloma.albano;1982-04-23;45440008;2008-07-03;0;188;15531;7765,5;3106,2;220;631,68;ADIII;;YEZ3462-EBW;128;26;;135;;;213;;;;;;;;;;;;;
140;537173194;25731473836;3037;C;Fernanda Santo;fernanda.santo;1981-07-20;46493303;2003-04-09;2011-02-06;192;7254;3627;1450,8;308;645,12;COII;;IFY3546-LXH;122;28;;59;;;11;;;;;;;;;;;;;
141;129089379;37366209445;1174;S;Rodrigo Mesquita;rodrigo.mesquita;1978-11-22;47676496;2004-08-01;2014-04-04;198;24203;12101,5;4840,6;220;665,28;OPV;;ASY2253-LHU;97;15;;6;;;10;;;;;;;;;;;;;
142;203749962;11591378511;2434;S;Gabriel Mello;gabriel.mello;1976-01-07;45441663;2011-09-15;0;157;24598;12299;4919,6;242;527,52;LOI;;ZCQ9267-RAH;36;32;;23;;;545;;;;;;;;;;;;;
143;659993123;19376496246;7572;C;Renan Scharnhorst Ott;renan.ott;1994-04-17;37913662;2016-09-24;0;153;10793;5396,5;2158,6;242;514,08;LOII;;DZR6906-AYO;40;46;;136;;;545;;;;;;;;;;;;;
144;646471086;3941490450;5189;S;Lucas Brum Pereira;lucas.pereira;1991-10-22;40458933;2015-06-11;0;237;4048;2024;809,6;198;796,32;COI;;VXR2696-JNI;95;25;;5;;;11;;;;;;;;;;;;;
145;716621565;8781618356;3994;S;Arnôr Penedo;arnôr.penedo;1996-02-26;49514536;2014-02-21;2018-01-07;191;8846;4423;1769,2;220;641,76;COII;;CFN2925-ZRC;123;31;;94;;;11;;;;;;;;;;;;;
146;667495629;85663574128;2087;S;Carolina da Silva;carolina.silva;1997-04-16;25797299;2015-04-12;2016-06-11;222;21354;10677;4270,8;176;745,92;FIIII;;OAF8645-BHY;54;53;;20;;;322;;;;;;;;;;;;;
147;513196169;66664088990;3177;S;Andre Junior;andre.junior;1986-02-17;34647307;2006-03-05;2008-03-19;205;6148;3074;1229,6;264;688,8;ADI;;IED8054-DQM;88;60;;72;;;213;;;;;;;;;;;;;
148;394177057;44426553762;7012;S;Caio Stellet;caio.stellet;1991-02-09;48922500;2011-09-24;0;167;24596;12298;4919,2;242;561,12;ADII;;TMD1163-TEI;127;21;;199;;;213;;;;;;;;;;;;;
149;204172912;40801914593;6510;C;Fernanda Rocha;fernanda.rocha;1990-12-26;21954100;2008-12-21;0;198;5078;2539;1015,6;308;665,28;COI;;IAO2272-UBR;47;29;;98;;;11;;;;;;;;;;;;;
150;182405163;98115682971;7157;C;Eduardo Brum;eduardo.brum;1990-05-24;46655812;2008-05-19;0;229;15939;7969,5;3187,8;220;769,44;COII;;VGE5952-CAR;43;50;;157;;;11;;;;;;;;;;;;;
151;251544740;32343554925;3305;S;Ângelo Gois;ângelo.gois;1975-09-10;31653600;2009-04-22;0;213;14591;7295,5;2918,2;220;715,68;FII;;BQF8965-XEK;31;9;;174;;;322;;;;;;;;;;;;;
152;225189401;87001444811;2731;C;Carolina Croix Barros;carolina.barros;1981-12-13;42215643;2017-07-21;0;217;24814;12407;4962,8;286;729,12;OPIII;;HZR6926-BVS;76;51;;6;;;10;;;;;;;;;;;;;
153;395791459;63970323429;1973;C;Izabel Costa;izabel.costa;1978-05-18;46440824;2013-07-04;2014-12-27;191;24756;12378;4951,2;264;641,76;LOIV;;XZG4955-HSQ;82;44;;198;;;545;;;;;;;;;;;;;
154;330677676;60657640935;2570;C;Carlos Mota;carlos.mota;1978-07-18;39693700;2000-09-29;0;173;9986;4993;1997,2;242;581,28;COI;;SPU2561-WRH;148;11;;82;;;11;;;;;;;;;;;;;
155;259228025;26060218903;6989;S;Thayza Rocha;thayza.rocha;1975-04-01;42449215;2005-06-17;0;232;5447;2723,5;1089,4;220;779,52;ADIII;;WPC7635-QHG;142;1;;131;;;213;;;;;;;;;;;;;
156;408044704;21205192288;6806;C;Luiz Gonçalves;luiz.gonçalves;1981-02-05;48760082;2000-12-16;0;236;8431;4215,5;1686,2;286;792,96;OPIII;;GNF8062-JEQ;106;2;;22;;;10;;;;;;;;;;;;;
157;390520641;60034462482;3393;C;Ramon Vaz;ramon.vaz;1974-11-28;32038710;1999-07-02;0;229;21974;10987;4394,8;264;769,44;COIII;;JHN8172-DVZ;148;4;;78;;;11;;;;;;;;;;;;;
158;111015969;52145589049;5454;S;Amanda Rodrigues;amanda.rodrigues;1984-05-20;32580130;2010-07-10;0;198;16859;8429,5;3371,8;242;665,28;LOII;;BKC3941-ETB;72;37;;59;;;545;;;;;;;;;;;;;
159;317971034;73306344284;7804;C;Hannah de Oliveira;hannah.oliveira;1999-11-04;36423854;2017-10-30;2018-01-07;173;11745;5872,5;2349;198;581,28;ADI;;ACB9527-KPK;81;38;;161;;;213;;;;;;;;;;;;;
160;631610398;49771991818;3864;S;Eduardo Ramos;eduardo.ramos;1971-12-02;49371991;2010-05-18;0;237;23850;11925;4770;286;796,32;ADI;;BBQ5347-BRZ;102;3;;180;;;213;;;;;;;;;;;;;
161;544186857;65130314579;3555;C;Victor Bezerra;victor.bezerra;1979-03-17;31055239;1997-03-12;0;198;8736;4368;1747,2;176;665,28;LOI;;UQJ6098-TVK;30;31;;117;;;545;;;;;;;;;;;;;
162;441469607;63828548209;1911;S;Lunna Bogossian;lunna.bogossian;1986-09-19;37218757;2011-03-11;0;228;11304;5652;2260,8;308;766,08;OPV;;VZC6615-UGR;75;7;;180;;;10;;;;;;;;;;;;;
163;116766695;47232756579;1990;S;Yasmini de Almeida Richa;yasmini.richa;1979-02-27;32457327;2013-08-09;0;238;13792;6896;2758,4;176;799,68;LOIII;;JRD9576-MHG;31;20;;175;;;545;;;;;;;;;;;;;
164;959730891;75645986061;3709;C;Bruna da Cruz Barcelos;bruna.barcelos;1975-09-23;31170692;2003-08-22;2011-04-12;152;16148;8074;3229,6;286;510,72;FII;;TGV2973-AIY;70;11;;99;;;322;;;;;;;;;;;;;
165;264546724;37330454703;7496;C;Eric Santos Silva;eric.silva;1981-12-05;21744669;2012-10-28;0;162;15401;7700,5;3080,2;176;544,32;ADV;;DYY6937-BOV;45;35;;81;;;213;;;;;;;;;;;;;
166;257669584;46857850331;6372;S;Fabio Melo Eiras;fabio.eiras;1978-08-06;36006094;2004-02-17;0;228;4212;2106;842,4;308;766,08;FII;;WKR1861-GXJ;83;30;;124;;;322;;;;;;;;;;;;;
167;562508073;33613115167;5871;C;Aledio Villié Cerqueira Silva;aledio.silva;1975-09-09;44845345;2003-06-11;0;187;3525;1762,5;705;176;628,32;FIIII;;QBV3390-SGX;78;50;;16;;;322;;;;;;;;;;;;;
168;266341456;12614089811;6177;S;Brenno Ayello Leite;brenno.leite;1970-11-22;33593365;1999-05-05;0;240;8960;4480;1792;198;806,4;COIII;;QNF1672-MHJ;23;34;;199;;;11;;;;;;;;;;;;;
169;348509149;63113882290;1729;S;David de Paula;david.paula;1981-10-05;45758272;2006-03-15;0;248;12538;6269;2507,6;308;833,28;COI;;UZE6566-NGD;75;50;;126;;;11;;;;;;;;;;;;;
170;935370184;1704841288;6455;S;Lígia Fernandes Filardi;lígia.filardi;1995-12-21;23059569;2013-12-16;0;170;13732;6866;2746,4;286;571,2;FII;;LZP1912-ZNC;24;13;;153;;;322;;;;;;;;;;;;;
171;856395060;79621175549;6474;S;Guilherme Lopes da Silveira ;guilherme.silveira;1999-12-02;49653236;2017-11-27;2018-01-07;222;22040;11020;4408;220;745,92;LOI;;TKT2920-WKM;147;42;;82;;;545;;;;;;;;;;;;;
172;280833936;75639085014;3887;S;Luis Guimarães;luis.guimarães;1974-04-14;47975204;2011-08-10;0;247;23092;11546;4618,4;198;829,92;COII;;RCH3090-JTB;129;41;;17;;;11;;;;;;;;;;;;;
173;768460080;4962147267;4760;C;Thiago Saraiva Araujo;thiago.araujo;1986-03-01;42683631;2009-12-29;0;197;18029;9014,5;3605,8;176;661,92;COIII;;HZB6579-RGD;106;35;;120;;;11;;;;;;;;;;;;;
174;127317401;16999675314;7951;C;Daniel Benevides Xavier;daniel.xavier;1985-02-07;44325748;2007-03-06;0;201;10608;5304;2121,6;176;675,36;COII;;ROY4005-NPY;82;46;;102;;;11;;;;;;;;;;;;;
175;129739629;954465382;2739;C;Giovana Marinho;giovana.marinho;1979-05-20;38509099;2016-05-02;2018-01-07;208;12612;6306;2522,4;198;698,88;OPIV;;XVF6812-OWK;24;14;;96;;;10;;;;;;;;;;;;;
176;901569302;72557271291;2358;C;Eduarda Mello;eduarda.mello;1980-05-12;37663368;1998-05-08;0;240;6737;3368,5;1347,4;198;806,4;FIII;;NPJ7823-UTP;104;40;;71;;;322;;;;;;;;;;;;;
177;587762767;31865943387;3572;S;Pedro Alcoforado;pedro.alcoforado;1977-10-12;29861722;2001-05-28;0;225;7651;3825,5;1530,2;198;756;OPIV;;BJM5620-OAY;21;36;;50;;;10;;;;;;;;;;;;;
178;849377719;24034773974;5686;S;Wesley Oliveira Baptista;wesley.baptista;1971-12-01;20525838;1993-03-20;0;163;11457;5728,5;2291,4;220;547,68;FIIV;;HEN8926-UBF;81;43;;84;;;322;;;;;;;;;;;;;
179;441428628;86034290704;1134;C;Caio Oliveira Meirelles;caio.meirelles;1974-02-09;36328920;2005-10-22;0;196;12827;6413,5;2565,4;242;658,56;LOIII;;ZCG5229-RHX;91;20;;31;;;545;;;;;;;;;;;;;
180;413286801;60950145323;6277;C;Filipe Tabet;filipe.tabet;1981-04-10;20016798;2017-02-18;0;199;7865;3932,5;1573;198;668,64;LOI;;LVN3505-WHZ;43;11;;98;;;545;;;;;;;;;;;;;
181;317730626;48472322733;5003;S;Tiago de Araújo Júnior;tiago.júnior;1988-03-26;22102216;2013-02-15;0;198;2277;1138,5;455,4;264;665,28;OPII;;AGJ3799-JRR;143;30;;167;;;10;;;;;;;;;;;;;
182;645860479;37366286499;5153;C;Joāo Leite Ursulino;joāo.ursulino;1998-03-23;25367975;2016-03-18;0;199;6703;3351,5;1340,6;220;668,64;FIII;;HPN5936-XOD;111;49;;30;;;322;;;;;;;;;;;;;
183;477303328;77945150423;3370;C;Jaqueline Rimolo de Menezes;jaqueline.menezes;1995-05-07;20599949;2013-05-02;0;161;23087;11543,5;4617,4;242;540,96;OPII;;QJR6923-SEZ;41;20;;107;;;10;;;;;;;;;;;;;
184;790442694;60885523304;6816;S;Paula Gonçalves Gomes;paula.gomes;1972-01-23;47969729;1990-06-19;0;214;9906;4953;1981,2;176;719,04;COII;;TFK3048-IZZ;20;49;;161;;;11;;;;;;;;;;;;;
185;267462900;90099351276;5681;C;Clarissa Ferreira;clarissa.ferreira;1980-06-27;41615356;2013-08-26;0;198;10394;5197;2078,8;286;665,28;ADI;;XDN5081-OLZ;49;41;;187;;;213;;;;;;;;;;;;;
186;758845282;26630144333;2997;S;Raíza Barbosa;raíza.barbosa;1994-05-28;23929005;2017-01-29;0;223;15573;7786,5;3114,6;220;749,28;ADII;;MFK5498-ODC;80;23;;189;;;213;;;;;;;;;;;;;
187;213851979;43986133891;7878;C;Guilherme Delgado;guilherme.delgado;1976-12-30;28490837;2002-10-02;0;209;14536;7268;2907,2;176;702,24;ADI;;AVA5838-JSB;84;30;;105;;;213;;;;;;;;;;;;;
188;299487558;20853690606;5113;S;Bruna Serva;bruna.serva;1978-10-19;40319896;2002-10-31;0;223;1367;683,5;273,4;198;749,28;FIIII;;WED8730-LDO;62;34;;66;;;322;;;;;;;;;;;;;
189;665722840;43694038517;6329;S;Rafael Carrera;rafael.carrera;1983-11-24;40999434;2017-03-11;0;235;21776;10888;4355,2;308;789,6;OPI;;CLB4858-NMF;77;2;;172;;;10;;;;;;;;;;;;;
190;252066743;79052048907;7057;C;Leonardo de Paula;leonardo.paula;1993-03-07;39159345;2013-05-26;0;210;10870;5435;2174;198;705,6;LOI;;LFS5871-CZP;48;16;;145;;;545;;;;;;;;;;;;;
191;131440575;56747684111;5878;S;Rômulo Knudsen;rômulo.knudsen;1996-10-29;39717755;2016-04-21;0;190;14459;7229,5;2891,8;242;638,4;LOII;;JLJ4704-CMD;101;33;;141;;;545;;;;;;;;;;;;;
192;338808621;62617279297;4294;S;Bernard Mello;bernard.mello;1993-10-18;45598482;2011-10-14;0;151;10967;5483,5;2193,4;308;507,36;COIV;;TLF4916-KLN;129;19;;177;;;11;;;;;;;;;;;;;
193;797241360;91935488890;5634;C;Eduardo Ota Hirose;eduardo.hirose;1992-02-09;43419653;2015-12-19;0;217;11882;5941;2376,4;220;729,12;OPI;;QYD6474-SVO;145;22;;190;;;10;;;;;;;;;;;;;
194;381704808;55324526587;4854;C;Ulisses Borges Pinto Lima;ulisses.lima;1983-01-13;32019941;2005-12-07;0;213;17093;8546,5;3418,6;308;715,68;ADV;;WHR9369-SCB;122;44;;175;;;213;;;;;;;;;;;;;
195;754379853;81986804945;4980;S;Adelino Werneck;adelino.werneck;1997-04-29;24023429;2015-04-25;0;185;5835;2917,5;1167;220;621,6;ADIII;;CIY4932-WDJ;47;47;;123;;;213;;;;;;;;;;;;;
196;633098659;35453530138;1806;C;Marina Lobo Meira;marina.meira;1980-05-16;21047459;2017-11-25;0;240;14652;7326;2930,4;242;806,4;LOII;;QYT4352-WHH;139;55;;112;;;545;;;;;;;;;;;;;
197;653306592;58146289103;3910;C;Marina de Godoy;marina.godoy;1976-10-07;20887138;2004-05-09;0;161;8229;4114,5;1645,8;264;540,96;FIII;;NOE5007-ZQR;93;1;;80;;;322;;;;;;;;;;;;;
198;911451272;22397479652;1914;S;Beatriz Félix Ferreira;beatriz.ferreira;1978-12-15;33679561;2010-05-03;0;187;17804;8902;3560,8;154;628,32;FIV;;UWC7318-WGF;52;4;;64;;;322;;;;;;;;;;;;;
199;758327088;76756802371;7619;S;Pedro Araujo Kelly;pedro.kelly;1982-03-30;24242974;2005-06-05;0;241;12730;6365;2546;242;809,76;ADI;;BLO2663-MNF;59;12;;54;;;213;;;;;;;;;;;;;
200;732582295;29345602726;6305;S;Leticia Orichio;leticia.orichio;1978-10-08;20277009;2013-06-20;0;241;24949;12474,5;4989,8;308;809,76;COII;;UBH1373-WRL;113;13;;134;;;11;;;;;;;;;;;;;
201;520865497;95494545903;4460;S;Julia Martins do Nascimento;julia.nascimento;1975-06-21;34188443;2000-06-22;0;161;6854;3427;1370,8;286;540,96;ADII;;OAJ2936-VJJ;131;33;;101;;;213;;;;;;;;;;;;;
202;795257464;23397325993;1854;C;Leandro Coutinho;leandro.coutinho;1994-12-11;49991492;2012-12-06;0;158;21870;10935;4374;286;530,88;COI;;NUO2284-DXQ;64;25;;56;;;11;;;;;;;;;;;;;
203;691637853;35482617668;5713;S;Isabella de Azevedo Alves;isabella.alves;1998-04-07;33303875;2016-04-02;0;204;20470;10235;4094;286;685,44;COIV;;QCK3792-DLU;38;60;;43;;;11;;;;;;;;;;;;;
204;615666412;1225896676;1131;S;Tiago Leal Pedrosa;tiago.pedrosa;1984-11-03;35754384;2002-10-30;0;159;24410;12205;4882;176;534,24;FIIII;;COC7285-VSZ;36;48;;100;;;322;;;;;;;;;;;;;
205;382846456;77393726923;7682;C;Nathalia de Oliveira;nathalia.oliveira;1975-12-24;24969851;2008-01-20;0;241;19035;9517,5;3807;198;809,76;LOIII;;OPS1714-LAP;117;26;;118;;;545;;;;;;;;;;;;;
206;622070086;17564833287;1849;S;Manuela Brum;manuela.brum;1973-10-11;39914696;2011-01-27;2017-02-23;235;3480;1740;696;198;789,6;OPIII;;BKJ2648-NUA;136;46;;52;;;10;;;;;;;;;;;;;
207;622222189;18204188826;3870;C;Eduardo Luz;eduardo.luz;1983-12-18;32954078;2004-01-23;0;203;14228;7114;2845,6;220;682,08;LOII;;KBE8888-ZZT;85;9;;113;;;545;;;;;;;;;;;;;
208;797128823;97563313784;1326;S;Matheus Matta Marques;matheus.marques;1988-01-11;45580494;2013-09-11;0;155;13049;6524,5;2609,8;154;520,8;ADII;;PRV3676-YLK;98;60;;154;;;213;;;;;;;;;;;;;
209;121855587;87075220857;4993;S;Ana de Almeida Fournier de Assis;ana.assis;1998-01-30;31597586;2016-01-26;0;249;7520;3760;1504;154;836,64;COIII;;ZKR8311-MJP;33;35;;143;;;11;;;;;;;;;;;;;
210;819179412;39014801249;1656;C;Gabriel Viana;gabriel.viana;1974-04-02;21366453;2004-02-02;0;218;17514;8757;3502,8;308;732,48;COII;;LGM8331-VHI;50;10;;187;;;11;;;;;;;;;;;;;
211;908478392;19510428633;4270;S;Thaís Restum;thaís.restum;1971-02-19;32196705;2009-01-17;0;152;4253;2126,5;850,6;286;510,72;LOIII;;ATE7852-XHX;72;40;;143;;;545;;;;;;;;;;;;;
212;633515952;18960971427;1477;C;Douglas Pinto;douglas.pinto;1972-06-11;49499075;2002-03-29;0;156;19553;9776,5;3910,6;308;524,16;OPI;;FXC8175-YBX;119;13;;100;;;10;;;;;;;;;;;;;
213;431047977;22073793650;7803;S;Eric Amante;eric.amante;1972-05-10;30534816;2000-07-22;0;161;20217;10108,5;4043,4;176;540,96;FIII;;YLH3342-FSN;24;0;;113;;;322;;;;;;;;;;;;;
214;637262985;89104552095;6515;C;Marcus de Azevedo;marcus.azevedo;1970-11-12;45003450;2008-07-11;0;179;4702;2351;940,4;242;601,44;OPII;;TAO4764-NVQ;50;16;;137;;;10;;;;;;;;;;;;;
215;962953644;92232272948;5867;C;Lucas Bach;lucas.bach;1991-01-20;43572037;2009-01-15;0;226;15301;7650,5;3060,2;286;759,36;OPI;;NVI9354-XHK;90;30;;192;;;10;;;;;;;;;;;;;
216;211252863;580992867;1742;C;Paula de Sousa Leite;paula.leite;1995-05-12;36336491;2013-05-07;0;178;11342;5671;2268,4;176;598,08;COII;;ELX4796-NFG;62;40;;108;;;11;;;;;;;;;;;;;
217;686353578;21677211125;5320;S;Amanda Pessanha;amanda.pessanha;1989-05-01;26119834;2014-04-21;0;230;16368;8184;3273,6;176;772,8;FII;;VMR2392-JTZ;27;53;;63;;;322;;;;;;;;;;;;;
218;485694784;99578577631;1051;S;Átila Aquino de Carvalho;átila.carvalho;1970-01-13;49426801;1990-10-01;0;150;3421;1710,5;684,2;220;504;COIII;;WCE6805-GMM;128;52;;107;;;11;;;;;;;;;;;;;
219;753653710;81631420902;6526;S;Gabriel de Araujo Filho;gabriel.filho;1979-10-18;43114997;2010-02-23;0;239;15128;7564;3025,6;242;803,04;ADV;;EKJ7202-FXR;142;58;;56;;;213;;;;;;;;;;;;;
220;868379858;3391678881;4477;C;Gabriela Gômara;gabriela.gômara;1971-04-09;35696839;2000-07-12;0;165;21959;10979,5;4391,8;264;554,4;ADIII;;TBL7608-VNF;21;37;;49;;;213;;;;;;;;;;;;;
221;455091342;69387136203;5338;C;Pedro Correa Rodriguez;pedro.rodriguez;1989-09-20;29633853;2016-06-23;0;239;9729;4864,5;1945,8;198;803,04;OPIII;;LML1220-LLK;134;26;;108;;;10;;;;;;;;;;;;;
222;271464316;4341832481;6844;C;Patricia Vieira Branco de Matos;patricia.matos;1986-10-23;41747444;2015-07-24;2018-01-07;234;1548;774;309,6;154;786,24;LOIII;;OMM9332-WAP;64;15;;124;;;545;;;;;;;;;;;;;
223;385244934;98476387596;2470;C;Elvis Macedo;elvis.macedo;1987-02-27;31717649;2005-03-30;0;223;12984;6492;2596,8;286;749,28;LOII;;QPQ6693-FQR;111;29;;171;;;545;;;;;;;;;;;;;
224;472782524;22750607710;3076;S;Diego Limp;diego.limp;1998-07-18;44467875;2016-07-13;0;200;23845;11922,5;4769;220;672;COIII;;XRM9217-KFZ;31;57;;179;;;11;;;;;;;;;;;;;
225;984733259;17869640397;5324;S;Tatiana Fagundes;tatiana.fagundes;1995-10-13;22254032;2013-10-08;0;243;20662;10331;4132,4;220;816,48;FIV;;MDP4853-KYP;119;52;;61;;;322;;;;;;;;;;;;;
226;398328205;78130347029;3592;S;Cynthia Alvim;cynthia.alvim;1976-08-25;34741200;2003-04-30;0;166;2351;1175,5;470,2;242;557,76;ADIII;;NMU9452-VLN;26;8;;34;;;213;;;;;;;;;;;;;
227;607326291;9229411485;1861;C;Rômulo Pedrazza;rômulo.pedrazza;1973-07-25;32195895;2012-11-22;0;230;22462;11231;4492,4;176;772,8;COI;;LRX8711-BCB;101;39;;181;;;11;;;;;;;;;;;;;
228;610389191;77896177493;3768;S;Lucas Luca Lima Barbosa;lucas.barbosa;1995-09-20;44436582;2013-09-15;2018-01-07;217;5070;2535;1014;242;729,12;FII;;FZD8381-VKP;61;51;;74;;;322;;;;;;;;;;;;;
229;130000942;26027398376;5063;C;Carolina Mello;carolina.mello;1988-01-13;28964228;2006-01-08;0;217;23248;11624;4649,6;286;729,12;LOIII;;XIN6699-CGI;84;2;;70;;;545;;;;;;;;;;;;;
230;725666141;94362680879;2424;S;Ramon Garcia Bittencourt;ramon.bittencourt;1970-04-14;33629449;1992-08-28;0;186;15589;7794,5;3117,8;286;624,96;OPI;;MRX6530-QPI;54;42;;139;;;10;;;;;;;;;;;;;
231;418063615;4552100166;2386;C;Nicole Marcondes dos Santos;nicole.santos;1978-02-21;35408848;2015-10-22;0;163;16869;8434,5;3373,8;154;547,68;LOV;;SFG1415-ZAX;34;26;;25;;;545;;;;;;;;;;;;;
232;921624055;28054605638;6993;S;Nathalia Bach;nathalia.bach;1978-10-14;27293893;2015-09-24;2018-01-07;152;22286;11143;4457,2;154;510,72;FIII;;QHT4347-LXV;105;26;;15;;;322;;;;;;;;;;;;;
233;252585246;81032809164;6776;S;Bruno de Almeida Silva;bruno.silva;1972-01-13;24097080;2009-01-16;0;220;11384;5692;2276,8;198;739,2;OPII;;FZI3238-KRL;86;21;;113;;;10;;;;;;;;;;;;;
234;646478878;52866028094;4311;C;Maryanna Ferraz;maryanna.ferraz;1995-11-11;31571800;2013-11-06;0;155;20411;10205,5;4082,2;264;520,8;FIII;;XIG2823-MZZ;150;16;;36;;;322;;;;;;;;;;;;;
235;582906251;66914201307;6940;S;Luis Morgado;luis.morgado;1993-12-30;26310355;2011-12-26;2018-01-07;183;8810;4405;1762;198;614,88;OPI;;FHT9969-BPQ;127;52;;21;;;10;;;;;;;;;;;;;
236;316788080;24164901253;1482;S;Nicole Vaz;nicole.vaz;1972-02-10;30246676;1996-06-15;0;150;17871;8935,5;3574,2;154;504;LOIV;;VOE1043-NCT;24;50;;60;;;545;;;;;;;;;;;;;
237;871167970;23864376350;5040;C;Ananda Garcia Soares;ananda.soares;1979-08-19;27492861;2014-07-25;0;232;20723;10361,5;4144,6;286;779,52;ADI;;GXW7594-VTA;148;44;;45;;;213;;;;;;;;;;;;;
238;538427479;34124760873;7799;C;Carolina Venceslau Santos de Gusmão;carolina.gusmão;1987-07-10;47713889;2017-05-17;2018-01-07;213;6827;3413,5;1365,4;308;715,68;COI;;PDF3967-JQZ;53;46;;2;;;11;;;;;;;;;;;;;
239;178981169;63773722554;3623;C;Pedro Domingos;pedro.domingos;1988-05-23;48644823;2006-05-19;0;226;3314;1657;662,8;242;759,36;FII;;IUU8732-TGE;120;34;;22;;;322;;;;;;;;;;;;;
240;435983446;54295209030;6688;C;Ana Alvarenga dos Santos;ana.santos;1991-05-28;21154117;2009-05-23;2018-01-07;196;11321;5660,5;2264,2;176;658,56;OPII;;LPF1913-MWR;141;51;;168;;;10;;;;;;;;;;;;;
241;788952836;6339514845;4917;S;Tadeu Ferraz;tadeu.ferraz;1991-02-02;45998524;2014-11-22;0;246;15572;7786;3114,4;154;826,56;LOV;;LTW8906-FJU;52;51;;102;;;545;;;;;;;;;;;;;
242;607552422;65307089428;6039;S;Paula Mota;paula.mota;1999-12-06;24948027;2017-12-01;0;164;19633;9816,5;3926,6;176;551,04;COIII;;YEW1874-FEF;117;43;;28;;;11;;;;;;;;;;;;;
243;881550456;9423229923;6151;C;Juliana Rodrigues;juliana.rodrigues;1977-07-12;23394423;2015-07-03;0;173;5929;2964,5;1185,8;242;581,28;FII;;WGI6841-OEE;43;24;;15;;;322;;;;;;;;;;;;;
244;731743704;77138440376;2505;C;Felipe Miranda;felipe.miranda;1978-03-11;33804710;1999-05-27;0;186;1032;516;206,4;264;624,96;LOII;;XQI1381-INS;63;36;;63;;;545;;;;;;;;;;;;;
245;465247813;87695128391;4929;S;Ana da Cunha;ana.cunha;1970-01-30;31002977;1995-03-16;0;179;3960;1980;792;220;601,44;COV;;IAL2823-TKS;131;52;;18;;;11;;;;;;;;;;;;;
246;859264176;4267620637;4882;C;Joana Guimarães;joana.guimarães;1973-05-16;47379836;1992-08-11;0;197;4368;2184;873,6;242;661,92;OPI;;FIA9989-EKR;121;53;;189;;;10;;;;;;;;;;;;;
247;744215664;70245813950;6262;C;Lorena de Moraes Junior;lorena.junior;1974-12-13;46256189;2012-07-31;2018-01-07;214;4192;2096;838,4;242;719,04;ADII;;WLZ9413-AGY;53;28;;23;;;213;;;;;;;;;;;;;
248;684337006;72860863554;3496;S;Priscila de Oliveira;priscila.oliveira;1997-06-14;45007080;2015-06-10;0;186;10707;5353,5;2141,4;198;624,96;FIII;;BRI4603-SPO;45;56;;198;;;322;;;;;;;;;;;;;
249;200311881;7753712219;6479;S;Julie Barros ;julie.barros ;1973-05-19;36938343;1995-09-16;0;205;5419;2709,5;1083,8;198;688,8;COIII;;LXK4954-AVQ;87;34;;52;;;11;;;;;;;;;;;;;
250;762646893;99592686753;1454;S;Rodrigo da Silva;rodrigo.silva;1998-11-11;25877524;2016-11-06;2018-01-07;243;23873;11936,5;4774,6;176;816,48;OPIII;;TMB8727-BIM;99;32;;195;;;10;;;;;;;;;;;;;
251;122846690;26234736467;3226;C;Julia Andrade Gomes;julia.gomes;1974-06-07;45515980;2008-04-20;0;216;2176;1088;435,2;176;725,76;ADII;;FZC9462-EUC;113;39;;82;;;213;;;;;;;;;;;;;
252;125277533;1392585689;6408;C;Marcelo Moita;marcelo.moita;1993-01-30;42949440;2013-03-02;0;187;17534;8767;3506,8;198;628,32;COV;;EHE6421-GUR;150;0;;93;;;11;;;;;;;;;;;;;
253;378766004;41544845862;4173;C;Pedro Testahy Barros Afonso;pedro.afonso;1985-12-08;39951689;2009-04-17;2016-05-02;248;12570;6285;2514;154;833,28;ADII;;QUN8008-MOJ;122;52;;174;;;213;;;;;;;;;;;;;
254;451822946;80152477467;4603;C;Igor Jimenez Jimbo;igor.jimbo;1972-11-25;37716185;1992-03-04;1996-07-08;239;2707;1353,5;541,4;242;803,04;FIII;;TJB5052-LMM;137;15;;170;;;322;;;;;;;;;;;;;
255;118888915;12307452053;5696;S;Catarina Virginio;catarina.virginio;1982-03-16;24441727;2011-06-02;0;242;16096;8048;3219,2;220;813,12;OPII;;LUH1798-WDO;42;46;;51;;;10;;;;;;;;;;;;;
256;153487556;25060647407;4787;S;Matheus de Souza Fróes;matheus.fróes;1982-07-29;27699219;2000-07-24;0;210;14507;7253,5;2901,4;242;705,6;LOIII;;TTU7859-SBX;91;60;;117;;;545;;;;;;;;;;;;;
257;847818602;54899031101;5727;S;Manuela Tavares;manuela.tavares;1987-01-23;29581063;2014-04-13;0;203;13251;6625,5;2650,2;286;682,08;COIII;;OUC3982-UEW;54;28;;152;;;11;;;;;;;;;;;;;
258;271215970;46602101730;2770;C;Bruna Ferreira;bruna.ferreira;1998-02-11;23019973;2016-02-07;0;235;20089;10044,5;4017,8;154;789,6;OPIII;;KYY2667-RBC;50;35;;78;;;10;;;;;;;;;;;;;
259;284748208;80672836249;7876;S;Maria Leite Ursulino;maria.ursulino;1979-01-14;38075416;2003-06-28;0;186;5353;2676,5;1070,6;242;624,96;LOII;;CHE9313-SIA;27;31;;162;;;545;;;;;;;;;;;;;
260;163342036;89161415175;1218;S;Lucas Racy;lucas.racy;1970-02-08;24975046;2004-09-21;0;157;5774;2887;1154,8;220;527,52;LOI;;IVN6473-GAV;78;4;;52;;;545;;;;;;;;;;;;;
261;267494883;81911347285;7776;C;Eduarda Chagas;eduarda.chagas;1976-10-30;47721989;2016-09-13;0;154;4534;2267;906,8;242;517,44;ADI;;WWD2891-ZWA;70;56;;149;;;213;;;;;;;;;;;;;
262;490866364;9116171417;7965;S;Ruan da Paz;ruan.paz;1982-09-09;31718609;2003-05-14;0;216;22198;11099;4439,6;308;725,76;OPV;;EJJ2943-WNL;117;16;;16;;;10;;;;;;;;;;;;;
263;820043586;72370130546;7058;C;Luiza Castro Guimarães;luiza.guimarães;1983-02-07;33770782;2013-06-19;0;160;3657;1828,5;731,4;264;537,6;COIII;;ACU2179-QVY;136;51;;140;;;11;;;;;;;;;;;;;
264;209730569;31008513124;2575;C;Isabella Azevedo Moura;isabella.moura;1987-05-07;44324533;2009-08-24;0;185;5505;2752,5;1101;198;621,6;FIIV;;JTB1048-KMJ;88;45;;56;;;322;;;;;;;;;;;;;
265;755316976;68586619048;4566;C;Mariana Garcia Soares;mariana.soares;1973-01-29;33454155;2003-08-26;0;160;7803;3901,5;1560,6;220;537,6;FII;;QWX8931-OQZ;140;23;;137;;;322;;;;;;;;;;;;;
266;535999094;59961179530;3621;C;Julia Bach;julia.bach;1985-11-14;24119561;2006-03-10;0;187;1425;712,5;285;176;628,32;OPIII;;AAD3481-YZX;138;17;;48;;;10;;;;;;;;;;;;;
267;783877189;3461580057;4870;C;Renan Fernandes;renan.fernandes;1988-10-13;39571725;2006-10-09;0;161;18150;9075;3630;242;540,96;OPI;;PEM3965-OPM;62;47;;127;;;10;;;;;;;;;;;;;
268;564553030;91368502421;5403;C;Rômulo Pereira da Silva;rômulo.silva;1988-06-30;36977064;2006-06-26;2012-09-27;155;9841;4920,5;1968,2;154;520,8;OPI;;RMQ4220-XTG;120;20;;183;;;10;;;;;;;;;;;;;
269;756290052;99002873592;3407;S;José Guimarães;josé.guimarães;1980-10-07;21658387;2010-07-29;0;204;2275;1137,5;455;264;685,44;OPII;;GZD5514-YBU;110;7;;156;;;10;;;;;;;;;;;;;
270;893934446;62393213963;1706;C;Carlos Santos Matta;carlos.matta;1984-02-19;42224082;2002-02-14;0;200;17487;8743,5;3497,4;308;672;FIII;;EKF2037-GGO;47;51;;34;;;322;;;;;;;;;;;;;
271;629699329;39829973621;5397;C;Arthur Gonçalo Cavalcanti;arthur.cavalcanti;1971-06-26;37531834;2002-02-03;0;211;19971;9985,5;3994,2;308;708,96;ADII;;QYM4098-LPR;94;28;;109;;;213;;;;;;;;;;;;;
272;329153268;22620115256;4657;S;Yago de Souza Fróes;yago.fróes;1986-09-29;21752811;2004-09-24;0;161;13638;6819;2727,6;198;540,96;LOIII;;FXX2518-MOO;146;16;;45;;;545;;;;;;;;;;;;;
273;479142780;19199984776;6456;S;Caio Lassaval Farias;caio.farias;1985-02-02;35773038;2004-06-18;0;209;12930;6465;2586;242;702,24;LOI;;QJC6162-JOJ;59;4;;164;;;545;;;;;;;;;;;;;
274;227546734;69998363044;3362;S;Isabella Delgado Fernandes;isabella.fernandes;1992-04-28;44499392;2017-09-18;0;198;3972;1986;794,4;308;665,28;COII;;EJT2724-MRY;30;40;;148;;;11;;;;;;;;;;;;;
275;659376558;92396336337;4058;S;Norman de Souza;norman.souza;1986-10-03;24266793;2004-09-28;2011-08-13;215;10642;5321;2128,4;220;722,4;ADII;;OZB5329-UBA;102;46;;6;;;213;;;;;;;;;;;;;
276;742567433;28671374661;7099;S;Bruno Jorge Montanholi;bruno.montanholi;1975-08-19;44027431;1994-08-23;0;224;12763;6381,5;2552,6;308;752,64;COIII;;IJE9880-FVG;101;3;;85;;;11;;;;;;;;;;;;;
277;239399140;4089857305;7053;C;Nathália Augusto Oliveira;nathália.oliveira;1977-05-06;42747272;2005-10-03;0;230;3208;1604;641,6;286;772,8;LOII;;GHT9995-PJS;110;53;;178;;;545;;;;;;;;;;;;;
278;880941696;34356868253;4712;S;Marta Costa;marta.costa;1972-01-25;25773490;1996-12-12;1997-12-11;237;16801;8400,5;3360,2;198;796,32;OPI;;VGS8954-MLV;68;44;;73;;;10;;;;;;;;;;;;;
279;592764563;98727687805;1950;C;Júlia da Costa Cabral;júlia.cabral;1973-04-18;29192121;2003-10-22;0;229;20199;10099,5;4039,8;242;769,44;ADIII;;SLV3586-IUK;119;40;;88;;;213;;;;;;;;;;;;;
280;873602136;61115281636;5517;S;Luiz Ladogano;luiz.ladogano;1981-05-24;36375961;2010-02-15;0;179;2918;1459;583,6;242;601,44;FIII;;UFL4627-IUP;140;23;;87;;;322;;;;;;;;;;;;;
281;906722059;71566816037;4300;C;Rafael Cunha;rafael.cunha;1985-12-24;41608892;2014-07-13;0;171;19264;9632;3852,8;264;574,56;OPV;;XNY1295-GZJ;47;0;;188;;;10;;;;;;;;;;;;;
282;861008612;85003539784;6194;S;Igor de Rezende;igor.rezende;1976-06-06;47611751;2007-07-03;0;172;23024;11512;4604,8;176;577,92;LOII;;YXF7664-CQG;24;1;;98;;;545;;;;;;;;;;;;;
283;518862052;32551184304;4703;S;Rafael de Souza;rafael.souza;1986-09-04;42197115;2004-08-30;0;222;9875;4937,5;1975;242;745,92;LOIII;;AXG2167-PCP;131;34;;81;;;545;;;;;;;;;;;;;
284;341053775;60605722970;4089;S;Luiz Viana;luiz.viana;1983-12-22;37765556;2010-11-02;0;160;1917;958,5;383,4;286;537,6;LOI;;NMB9560-GRV;121;22;;172;;;545;;;;;;;;;;;;;
285;593562323;62650733069;1968;S;Henrique Moreira de Brito;henrique.brito;1974-11-09;43057306;2004-07-20;0;182;24399;12199,5;4879,8;220;611,52;ADI;;CDM8570-SDR;61;48;;57;;;213;;;;;;;;;;;;;
286;441345543;82344280083;5984;S;Andressa Queiroz Israel;andressa.israel;1980-10-23;33440265;2017-06-29;0;167;8689;4344,5;1737,8;308;561,12;LOII;;ATG5222-ODJ;79;40;;69;;;545;;;;;;;;;;;;;
287;192219632;36307156622;4628;S;Andre Ribeiro da Costa;andre.costa;1998-05-03;24966863;2016-04-28;0;182;7462;3731;1492,4;154;611,52;FII;;WCZ9008-AXA;113;30;;145;;;322;;;;;;;;;;;;;
288;152639143;94053918847;6255;C;Beatriz Machado Araujo;beatriz.araujo;1985-07-15;33862086;2010-11-03;0;178;2318;1159;463,6;176;598,08;ADI;;BOS3081-RMF;123;26;;75;;;213;;;;;;;;;;;;;
289;541359983;43314300537;3837;C;Beatriz da Costa;beatriz.costa;1981-11-09;32415829;2011-08-05;0;204;21284;10642;4256,8;220;685,44;COV;;ZYQ2691-EAF;97;20;;178;;;11;;;;;;;;;;;;;
290;309821813;40454023848;3705;C;Bruna Jimenez Jimbo;bruna.jimbo;1994-09-25;31789201;2012-09-20;0;151;18385;9192,5;3677;198;507,36;ADIV;;GQH6831-VBD;70;14;;29;;;213;;;;;;;;;;;;;
291;774975977;73829948092;1182;S;Amanda de Lacerda;amanda.lacerda;1992-11-25;44730740;2012-08-17;0;194;11599;5799,5;2319,8;176;651,84;OPII;;ITL8735-BOJ;72;56;;43;;;10;;;;;;;;;;;;;
292;863695110;3287383935;3689;S;Flávio Fontes;flávio.fontes;1986-09-11;23553929;2015-08-08;0;154;2432;1216;486,4;286;517,44;LOII;;QJD2665-YMB;128;10;;165;;;545;;;;;;;;;;;;;
293;247225334;80378323293;7294;C;João Lima;joão.lima;1980-10-31;30092748;1998-10-27;0;191;15433;7716,5;3086,6;220;641,76;OPIV;;SMP5215-LDY;52;41;;38;;;10;;;;;;;;;;;;;
294;495401275;16960979951;2839;C;Gabriela de Souza Campos;gabriela.campos;1971-06-26;36802373;2001-10-24;0;202;4294;2147;858,8;242;678,72;OPI;;YFP9509-NFX;79;7;;91;;;10;;;;;;;;;;;;;
295;485908652;97038495996;5299;C;Raquel de Souza;raquel.souza;1977-08-17;45729977;2013-10-01;0;199;21263;10631,5;4252,6;220;668,64;OPV;;GCI8666-KBB;59;0;;133;;;10;;;;;;;;;;;;;
296;145789550;79464620395;5752;C;Elaine de Aragao;elaine.aragao;1986-10-06;46366461;2004-10-01;0;169;2623;1311,5;524,6;286;567,84;LOI;;MVT8673-TAJ;99;47;;112;;;545;;;;;;;;;;;;;
297;272376769;12755712372;2142;S;Gabriel Silva Pacheco;gabriel.pacheco;1992-10-01;24028886;2010-09-27;2018-01-07;204;10159;5079,5;2031,8;264;685,44;OPV;;ALJ7137-SSE;91;57;;134;;;10;;;;;;;;;;;;;
298;139663302;39958792552;5138;S;Isabella Meirelles;isabella.meirelles;1980-04-18;23514677;2010-08-03;2018-01-07;224;9495;4747,5;1899;198;752,64;ADI;;EWF3874-KIX;103;52;;20;;;213;;;;;;;;;;;;;
299;559704433;18497444635;5745;C;Elaine Lopes de Almeida;elaine.almeida;1979-10-04;33277794;2008-08-06;0;156;11136;5568;2227,2;286;524,16;ADIII;;HUF6467-APM;142;25;;184;;;213;;;;;;;;;;;;;
300;142582318;47992137771;3972;C;Bruna Yang;bruna.yang;1999-10-02;34348203;2017-09-27;0;168;4759;2379,5;951,8;286;564,48;ADV;;HIN9427-XFZ;44;57;;178;;;213;;;;;;;;;;;;;
301;140134837;59864021426;6065;C;Luis Azevedo;luis.azevedo;1987-10-12;42478137;2005-10-07;0;167;21130;10565;4226;176;561,12;FIII;;QTZ3455-BYB;83;46;;135;;;322;;;;;;;;;;;;;
302;423379756;99318451505;7135;S;Renata Pinheiro;renata.pinheiro;1975-04-18;29519698;2014-09-23;0;151;13020;6510;2604;176;507,36;ADI;;KFV8060-XON;51;7;;149;;;213;;;;;;;;;;;;;
303;133060880;39987802758;6631;C;Matheus Andrade Machado ;matheus.machado;1998-04-17;32912950;2016-04-12;0;204;5584;2792;1116,8;198;685,44;ADI;;UVU8426-QGG;25;25;;29;777.0;;213;;;;;;;;;;;;;
304;795011679;86900440820;5496;C;Júlia Oliveira de Mello Silva;júlia.silva;1994-02-05;23073901;2013-03-08;0;176;8589;4294,5;1717,8;198;591,36;ADIII;;EBW4997-IOS;50;44;;136;;;213;;;;;;;;;;;;;
305;387150232;20262926662;4537;S;Pedro Michetti;pedro.michetti;1986-09-12;31936750;2009-04-25;0;181;8954;4477;1790,8;220;608,16;COV;;DLI6124-ZMG;46;24;;55;;;11;;;;;;;;;;;;;
306;220754906;59988440473;6368;S;Milena Brum;milena.brum;1997-02-14;25500791;2015-02-10;0;154;9069;4534,5;1813,8;220;517,44;ADII;;VEB9376-NZS;79;55;;57;;;213;;;;;;;;;;;;;
307;476903460;87616175713;4937;S;Bernardo Essaber;bernardo.essaber;1971-09-02;37545336;2002-01-19;0;185;3481;1740,5;696,2;242;621,6;OPII;;NRU5664-LIJ;127;10;;170;;;10;;;;;;;;;;;;;
308;355533812;70394094650;1521;S;Camila Fonseca Martinez;camila.martinez;1997-06-05;42786696;2015-06-01;2018-01-07;183;1543;771,5;308,6;154;614,88;COI;;NEZ2991-IBK;82;18;;119;;;11;;;;;;;;;;;;;
309;401055144;45261312483;7799;C;Yuri Valerio Albino;yuri.albino;1977-09-08;47212016;1998-09-01;0;207;17671;8835,5;3534,2;286;695,52;FIIV;;FMB5786-BJI;38;16;;60;;;322;;;;;;;;;;;;;
310;784732330;34362271112;1054;C;Debora Penedo;debora.penedo;1988-01-28;44699953;2006-01-23;0;246;23704;11852;4740,8;154;826,56;OPIII;;POI1154-CTZ;99;41;;26;;;10;;;;;;;;;;;;;
311;748156424;84852806613;6656;S;Flávia Jordao;flávia.jordao;1991-05-29;46284198;2015-04-02;0;171;12672;6336;2534,4;198;574,56;ADII;;PVK4389-RWX;90;8;;134;;;213;;;;;;;;;;;;;
312;159298032;29037097311;1002;C;Matheus Alvarez;matheus.alvarez;1986-01-04;39064996;2003-12-31;0;235;10269;5134,5;2053,8;286;789,6;COI;;VON8953-TRW;58;14;;22;;;11;;;;;;;;;;;;;
313;577830399;59542847658;7055;S;Gabriel Pereira;gabriel.pereira;1992-06-04;29227658;2010-05-31;2011-08-05;187;8995;4497,5;1799;176;628,32;OPIII;;ZEP1154-UVU;27;23;;35;;;10;;;;;;;;;;;;;
314;993812910;58626044991;1384;S;Igor Fiorenza Duque Pinho;igor.pinho;1983-05-14;31028747;2001-05-09;2003-04-03;215;5573;2786,5;1114,6;286;722,4;FIII;;LVX9163-DCY;79;44;;6;;;322;;;;;;;;;;;;;
315;624470056;53722286321;2515;S;Jeferson Ramos;jeferson.ramos;1995-05-09;27864060;2013-05-04;0;200;18822;9411;3764,4;242;672;ADIII;;VFN8880-HWK;149;60;;145;;;213;;;;;;;;;;;;;
316;730391568;62857272800;2243;S;Ary da Silva Costa;ary.costa;1986-12-29;33942826;2004-12-24;2005-11-08;167;9697;4848,5;1939,4;176;561,12;LOI;;TCG9843-OUN;75;53;;190;;;545;;;;;;;;;;;;;
317;736262825;54936395416;6042;S;Giulia Gaspar de Mattos      ;giulia.mattos;1981-01-11;35674535;2002-03-09;0;165;7748;3874;1549,6;220;554,4;COV;;JXN4244-BAG;40;52;;29;;;11;;;;;;;;;;;;;
318;367651731;68011691064;6515;C;Paulo Souza;paulo.souza;1985-06-15;24040827;2013-07-30;2018-01-07;238;23242;11621;4648,4;176;799,68;OPI;;VZI3018-ZMT;49;46;;103;;;10;;;;;;;;;;;;;
319;762705904;22797084021;1314;S;Mariana Figueiredo Barbosa;mariana.barbosa;1975-11-14;22390499;1993-12-17;0;236;10178;5089;2035,6;220;792,96;COIII;;AYX7535-VCD;124;49;;150;;;11;;;;;;;;;;;;;
320;890991369;13470846420;1277;S;Aline da Silva;aline.silva;1976-06-24;47627525;2015-08-15;0;221;4010;2005;802;308;742,56;OPI;;XTQ5141-ILI;67;44;;120;;;10;;;;;;;;;;;;;
321;795644162;60413748030;1321;S;Bruna Mello Varela;bruna.varela;1989-08-06;21544468;2014-04-29;0;236;20854;10427;4170,8;242;792,96;FIIII;;LPK5034-HQO;72;14;;22;;;322;;;;;;;;;;;;;
322;404264948;60331096521;6428;C;Luiza Sobrinho Pereira;luiza.pereira;1995-10-03;35138602;2016-03-09;0;204;14488;7244;2897,6;308;685,44;FII;;SSR5237-ZUW;109;48;;60;;;322;;;;;;;;;;;;;
323;475877138;12369990858;1936;C;Rafael Rodrigues de Sousa;rafael.sousa;1999-05-06;46651310;2017-05-01;0;179;19557;9778,5;3911,4;264;601,44;ADI;;KLQ3683-XYV;108;33;;72;;;213;;;;;;;;;;;;;
324;314850065;77275271963;7247;S;Camila Regis Ivo;camila.ivo;1992-07-03;41940856;2016-01-20;0;207;21737;10868,5;4347,4;242;695,52;FII;;LEE6645-MII;143;28;;94;;;322;;;;;;;;;;;;;
325;290314522;91388902603;2723;C;Karine Cardoso das Chagas;karine.chagas;1999-12-15;37328172;2017-12-10;0;201;10700;5350;2140;242;675,36;OPIII;;BEH7740-SHK;120;20;;94;;;10;;;;;;;;;;;;;
326;854946018;50989574290;5996;C;Myllena Nacif;myllena.nacif;1977-07-16;21110416;2011-10-09;0;169;1166;583;233,2;220;567,84;LOIII;;IZD1326-PYV;97;6;;185;;;545;;;;;;;;;;;;;
327;810415710;58776157417;3239;C;Flávio Barbosa;flávio.barbosa;1972-05-12;42642844;2010-02-06;0;224;24199;12099,5;4839,8;242;752,64;ADII;;NWU5035-HRZ;78;37;;190;;;213;;;;;;;;;;;;;
328;828816861;12999382406;5025;C;Igor Feijo;igor.feijo;1978-07-11;26895323;2017-07-01;0;190;4222;2111;844,4;242;638,4;FIII;;YCF9832-HFN;61;41;;153;;;322;;;;;;;;;;;;;
329;778112260;15606240625;5757;S;João Pereira Da Silva;joão.silva;1993-02-18;47928533;2011-02-14;2011-07-09;151;19408;9704;3881,6;264;507,36;COI;;MZR4025-THH;65;31;;186;;;11;;;;;;;;;;;;;
330;574951790;4745812998;5144;C;Gabriela Costa;gabriela.costa;1973-07-15;25217266;2012-06-15;0;170;15781;7890,5;3156,2;308;571,2;LOV;;BNJ4293-UZA;133;17;;33;;;545;;;;;;;;;;;;;
331;281548183;35793187889;3275;S;Jayme Carvalho;jayme.carvalho;1986-03-03;28644117;2009-02-12;0;245;2005;1002,5;401;242;823,2;ADI;;BDL9590-SWP;143;50;;125;;;213;;;;;;;;;;;;;
332;552583141;96186343169;3265;C;Luíza Roussef;luíza.roussef;1992-02-12;36195521;2010-02-07;0;217;6362;3181;1272,4;308;729,12;ADI;;LKG2402-LJG;23;3;;95;;;213;;;;;;;;;;;;;
333;511128459;54089698899;5033;S;Juan Santos Rosa;juan.rosa;1998-04-18;21941465;2016-04-13;0;242;21374;10687;4274,8;176;813,12;OPI;;RCQ3120-YTQ;141;14;;0;;;10;;;;;;;;;;;;;
334;781980383;89250112980;4517;S;Ana de Sá Foly;ana.foly;1998-12-17;40167104;2016-12-12;0;164;17453;8726,5;3490,6;286;551,04;ADI;;DUR3603-QTI;134;8;;1;;;213;;;;;;;;;;;;;
335;350726442;60759508463;7811;S;Raquel Tavares;raquel.tavares;1979-09-07;37353966;2012-02-29;0;234;15615;7807,5;3123;198;786,24;OPIII;;WRN4923-RPX;113;40;;135;;;10;;;;;;;;;;;;;
336;817723147;93989972172;3841;S;Raphael Rodrigues;raphael.rodrigues;1971-02-22;27065880;1993-07-12;0;192;24529;12264,5;4905,8;264;645,12;COIII;;CKP1443-NJS;147;28;;5;;;11;;;;;;;;;;;;;
337;422816469;48311601935;6765;C;Carolina de Souza Almeida;carolina.almeida;1980-02-09;31970922;2009-04-19;0;184;4864;2432;972,8;308;618,24;FIIII;;FIR9550-NPZ;143;0;;51;;;322;;;;;;;;;;;;;
338;936325945;73212606115;4852;S;Eduardo Paes Leme;eduardo.leme;1999-02-08;44171824;2017-02-03;0;188;22410;11205;4482;176;631,68;OPII;;FYR4855-YXJ;143;27;;188;;;10;;;;;;;;;;;;;
339;783537646;80379929319;6187;S;Rodrigo Funcke;rodrigo.funcke;1982-03-03;36571944;2011-10-21;2018-01-07;223;1332;666;266,4;176;749,28;LOIV;;UML5986-MWU;33;32;;131;;;545;;;;;;;;;;;;;
340;905415993;21284980627;4098;S;Rafaella Sarmento e Silva;rafaella.silva;1976-05-01;23244211;2001-02-25;0;184;4419;2209,5;883,8;198;618,24;COI;;OHC4113-PMQ;100;54;;7;;;11;;;;;;;;;;;;;
341;167225119;57342935862;2593;S;Marta de Oliveira;marta.oliveira;1975-08-03;30675347;2009-12-27;2013-11-04;246;24747;12373,5;4949,4;242;826,56;OPII;;KDR5971-JUB;79;47;;34;;;10;;;;;;;;;;;;;
342;369626839;30234766197;2754;S;Alfredo Machado Araujo;alfredo.araujo;1986-08-16;41735090;2011-04-04;0;220;16030;8015;3206;198;739,2;ADIII;;OIM6452-SJN;97;43;;200;;;213;;;;;;;;;;;;;
343;147598371;22636401585;5980;S;Audir Muniz;audir.muniz;1988-02-03;25263000;2006-01-29;0;191;2121;1060,5;424,2;220;641,76;LOIV;;YEM8035-WOK;66;51;;189;;;545;;;;;;;;;;;;;
344;164912526;91829316452;1018;S;Matheus Monteiro;matheus.monteiro;1988-06-07;32734988;2011-11-12;0;240;5517;2758,5;1103,4;176;806,4;COI;;OYL4858-NRE;98;30;;128;;;11;;;;;;;;;;;;;
345;562363792;71977928588;7391;S;Marina Duarte Barbosa;marina.barbosa;1987-09-07;44774280;2007-02-21;0;242;3885;1942,5;777;308;813,12;FIII;;IXR3772-YDM;23;44;;172;;;322;;;;;;;;;;;;;
346;344055950;66670708686;3996;C;Thalles Jordão Teixeira;thalles.teixeira;1996-09-09;33297996;2014-09-05;0;150;10929;5464,5;2185,8;154;504;FII;;ZMU5174-QRQ;55;27;;125;;;322;;;;;;;;;;;;;
347;299620674;19408814256;4036;C;Daniel Alvarenga dos Santos;daniel.santos;1997-10-30;49294767;2015-10-26;0;163;23708;11854;4741,6;220;547,68;ADI;;DKE9171-XKI;34;45;;147;;;213;;;;;;;;;;;;;
348;837235079;37557762383;4521;S;Suelen Lander Regasso;suelen.regasso;1999-01-06;44319416;2017-01-01;2018-01-07;236;11997;5998,5;2399,4;308;792,96;OPII;;DLL5481-NBE;37;32;;111;;;10;;;;;;;;;;;;;
349;965061898;55657248172;1006;S;Bruno Sobrinho Pereira;bruno.pereira;1975-05-09;37648796;2004-08-21;2007-06-11;221;1673;836,5;334,6;308;742,56;LOIV;;MRQ2291-CDU;85;13;;104;;;545;;;;;;;;;;;;;
350;672661371;71480506836;1152;C;Eduardo da Cunha;eduardo.cunha;1980-12-16;41083214;2006-12-12;0;236;15640;7820;3128;264;792,96;LOIII;;PRA4193-GXT;64;59;;9;;;545;;;;;;;;;;;;;
351;470486601;5507276868;1641;C;Lorena Freire;lorena.freire;1980-09-06;46976183;2011-05-09;2018-01-07;209;9479;4739,5;1895,8;242;702,24;COI;;KGH5533-UDE;37;34;;168;;;11;;;;;;;;;;;;;
352;182819307;56437848500;2827;S;João Silva Longo de Jesus Viana;joão.viana;1977-07-17;38071737;1996-05-15;0;236;7832;3916;1566,4;286;792,96;ADIV;;QSG2376-YNW;21;60;;88;;;213;;;;;;;;;;;;;
353;719703067;45580740306;6778;C;Pedro Helal;pedro.helal;1974-06-11;32763776;1999-05-08;0;225;21919;10959,5;4383,8;220;756;FIIII;;KVV5843-ZWR;92;42;;157;;;322;;;;;;;;;;;;;
354;650342478;52663979333;4178;S;Ana Ladogano;ana.ladogano;1972-10-22;40154642;2009-12-23;0;250;16136;8068;3227,2;176;840;OPIV;;TXU9393-LRD;41;43;;166;;;10;;;;;;;;;;;;;
355;771948938;47081234076;3989;C;Igor Iglezias Perdomo;igor.perdomo;1978-12-30;32613748;1996-12-25;0;213;15917;7958,5;3183,4;176;715,68;COIII;;XSI5504-SLX;141;17;;50;;;11;;;;;;;;;;;;;
356;244575842;60398433788;5970;C;Mariana Bach;mariana.bach;1970-02-04;20880239;1992-07-15;1995-08-08;250;3854;1927;770,8;198;840;FII;;IJZ9204-CMO;73;31;;21;;;322;;;;;;;;;;;;;
357;715451906;34330260139;1306;C;Rachel Ferreira;rachel.ferreira;1980-07-18;27561481;2007-02-07;0;184;14768;7384;2953,6;242;618,24;COIV;;SQS6942-LXC;109;50;;22;;;11;;;;;;;;;;;;;
358;943474202;76625425388;6148;C;Cynthia Mercês;cynthia.mercês;1972-04-28;24061215;1997-03-12;0;239;19493;9746,5;3898,6;198;803,04;ADIII;;NCC5687-TCL;121;10;;120;;;213;;;;;;;;;;;;;
359;839007685;8806685331;2173;C;Pedro Bernhardt;pedro.bernhardt;1973-11-08;36777265;1998-05-30;0;189;5279;2639,5;1055,8;220;635,04;OPIII;;FWV9633-YJL;117;33;;64;;;10;;;;;;;;;;;;;
360;209099797;17816130451;4847;C;Lucas Short Santa Cecilia;lucas.cecilia;1999-12-02;28751567;2017-11-27;0;191;15036;7518;3007,2;154;641,76;FII;;JLM3098-QXA;104;47;;172;;;322;;;;;;;;;;;;;
361;953759176;74006861056;2613;S;Rhuan Hollander;rhuan.hollander;1986-06-05;49914331;2012-08-30;0;221;20822;10411;4164,4;220;742,56;OPV;;VHY2477-UYC;98;47;;81;;;10;;;;;;;;;;;;;
362;613806497;52251361634;3156;C;Juliana Stockler;juliana.stockler;1986-03-03;46929762;2014-05-15;0;243;1348;674;269,6;154;816,48;COIII;;URJ3143-GLJ;118;54;;29;;;11;;;;;;;;;;;;;
363;733350120;86003667436;6002;C;Anderson Dias Sampaio;anderson.sampaio;1981-02-04;30967138;2001-08-01;0;161;3668;1834;733,6;264;540,96;COII;;AMI7969-LAG;108;20;;45;;;11;;;;;;;;;;;;;
364;647387441;25239330238;2804;C;Marta Fahrnholz;marta.fahrnholz;1988-04-23;48541368;2006-04-19;0;231;24021;12010,5;4804,2;308;776,16;COIV;;VDS4348-WQI;97;19;;186;;;11;;;;;;;;;;;;;
365;143799569;19340500862;3756;S;Maria Freire;maria.freire;1997-01-17;41237328;2017-02-14;2018-01-07;196;2435;1217,5;487;176;658,56;LOV;;WRD7730-JZN;143;3;;54;;;545;;;;;;;;;;;;;
366;311722917;8104936146;5104;C;Wendela da Cunha;wendela.cunha;1977-10-15;23063985;2005-05-15;0;209;21301;10650,5;4260,2;176;702,24;ADII;;OMJ4500-BJG;42;45;;198;;;213;;;;;;;;;;;;;
367;950109542;20364097643;7689;S;Paula Marques Ribeiro;paula.ribeiro;1984-09-06;49400523;2002-09-02;0;179;1146;573;229,2;264;601,44;COI;;CJO4722-LXJ;142;34;;185;;;11;;;;;;;;;;;;;
368;103627432;29759394846;4399;S;Jeronimo dos Santos Villares Vianna;jeronimo.vianna;1983-10-28;24979210;2004-07-10;0;205;12971;6485,5;2594,2;198;688,8;OPIV;;IQD7681-KRR;115;21;;73;;;10;;;;;;;;;;;;;
369;972274207;17016568221;2043;C;Larissa Leal Pedrosa;larissa.pedrosa;1997-03-28;45634061;2015-03-24;0;229;17572;8786;3514,4;220;769,44;ADI;;XSR4690-VJK;148;35;;11;;;213;;;;;;;;;;;;;
370;527343101;94009246544;7975;S;Bárbara Rodrigues;bárbara.rodrigues;1999-03-16;36183737;2017-03-11;2018-01-07;201;8339;4169,5;1667,8;154;675,36;FIIII;;QLW8867-MDK;140;26;;103;;;322;;;;;;;;;;;;;
371;794337813;99576688833;7186;C;Arthur Vaz;arthur.vaz;1997-07-21;34337658;2017-02-04;0;198;3058;1529;611,6;154;665,28;FIIV;;NPL3689-AVX;79;54;;15;;;322;;;;;;;;;;;;;
372;505643417;94852477623;3738;S;Matheus Carvalho Pinto e Rocha;matheus.rocha;1981-04-01;45833260;2005-09-14;2009-07-18;191;2475;1237,5;495;220;641,76;LOI;;WZD4611-GHT;117;39;;114;;;545;;;;;;;;;;;;;
373;548307706;8452286962;2084;S;Roberta Procaci;roberta.procaci;1970-08-14;47944593;2008-05-04;0;226;16122;8061;3224,4;286;759,36;ADII;;KVN5164-WIS;20;36;;87;;;213;;;;;;;;;;;;;
374;733455815;45264226946;5921;S;Bernardo de Lima Oliveira;bernardo.oliveira;1995-07-09;27469973;2014-10-18;0;222;17297;8648,5;3459,4;264;745,92;OPIII;;FAT1511-BUN;136;38;;153;;;10;;;;;;;;;;;;;
375;449984546;23855924850;3828;C;Ana Sabino de Azevedo Duarte silva;ana.silva;1980-12-30;49408388;1999-10-16;0;166;13315;6657,5;2663;308;557,76;COIII;;IPH8389-PKD;72;59;;48;;;11;;;;;;;;;;;;;
376;682215767;1587233005;5712;C;Carolina Fontes;carolina.fontes;1990-01-09;26046380;2009-08-16;0;213;20415;10207,5;4083;176;715,68;COII;;MPZ1159-IGE;52;41;;161;;;11;;;;;;;;;;;;;
377;666696541;72113353640;2359;C;Nathalia de Sousa Vaz Rangel;nathalia.rangel;1983-09-25;26194926;2001-09-20;0;158;1837;918,5;367,4;308;530,88;LOII;;IRY6311-TWB;137;54;;190;;;545;;;;;;;;;;;;;
378;235395231;21148484097;4857;S;Patricia Jorge;patricia.jorge;1984-12-26;36626997;2007-06-01;2013-04-23;178;24792;12396;4958,4;308;598,08;ADII;;ISS6168-MWX;107;38;;137;;;213;;;;;;;;;;;;;
379;379591878;46508502855;1538;S;Pedro Lopes de Oliveira;pedro.oliveira;1972-07-29;38302922;1993-09-22;0;229;19346;9673;3869,2;220;769,44;FII;;TZX3370-PID;30;40;;37;;;322;;;;;;;;;;;;;
380;252064734;85654530441;6486;S;Marcelo Mançãno Chaves;marcelo.chaves;1989-05-16;31496286;2016-03-18;2017-07-16;235;24345;12172,5;4869;198;789,6;FIV;;FJL5218-YZE;124;21;;168;;;322;;;;;;;;;;;;;
381;202202068;78925652236;6754;C;Luiz Costa Vasconcellos;luiz.vasconcellos;1993-04-02;34588621;2011-03-29;0;227;20199;10099,5;4039,8;264;762,72;OPIII;;PUM1294-OWR;66;34;;79;;;10;;;;;;;;;;;;;
382;286702047;15192492005;7608;S;Mariana Schwenck Gullo;mariana.gullo;1995-02-21;42421351;2013-02-16;0;248;23259;11629,5;4651,8;308;833,28;FIIV;;BHZ3071-MOT;133;23;;32;;;322;;;;;;;;;;;;;
383;950393787;7648511735;1447;C;João de Souza;joão.souza;1990-09-05;32877709;2008-08-31;0;189;6147;3073,5;1229,4;154;635,04;OPI;;XAX1021-ACC;51;54;;173;;;10;;;;;;;;;;;;;
384;347182372;79946485930;3798;S;Eugênio Galvão de Souza;eugênio.souza;1978-04-28;29643981;2008-07-13;2010-06-11;166;12531;6265,5;2506,2;264;557,76;ADI;;JOP6259-CLP;28;51;;52;;;213;;;;;;;;;;;;;
385;612830578;2820055451;1137;S;Vitor de Carvalho;vitor.carvalho;1973-06-05;45345242;2008-08-27;0;228;20944;10472;4188,8;308;766,08;COI;;JFC5054-DPI;57;14;;31;;;11;;;;;;;;;;;;;
386;791757848;22500332809;7299;S;Tadeu Lopes da Silveira ;tadeu.silveira;1974-10-12;33457747;1998-08-16;0;231;16889;8444,5;3377,8;220;776,16;OPI;;YNQ8935-SMV;40;31;;35;;;10;;;;;;;;;;;;;
387;566309079;29445411838;2650;C;Matheus Andrade Souza ;matheus.souza;1974-08-12;30581505;2001-09-30;0;221;20899;10449,5;4179,8;176;742,56;LOIII;;GJL5909-QWH;143;0;;47;;;545;;;;;;;;;;;;;
388;417081592;12870918871;7463;S;Tainah Ramos;tainah.ramos;1977-04-28;35359632;2003-09-01;2012-10-22;193;16982;8491;3396,4;308;648,48;ADV;;YPN3732-VCL;101;0;;146;;;213;;;;;;;;;;;;;
389;886137812;22987625364;6596;S;Juan Daumas de Azevedo Assumpção;juan.assumpção;1984-04-14;24510599;2005-09-24;2009-08-23;165;22230;11115;4446;198;554,4;COIII;;HYS1186-QEW;140;20;;123;;;11;;;;;;;;;;;;;
390;400093634;25698199783;5646;S;Lucas Guadagnino;lucas.guadagnino;1988-02-09;25036496;2009-12-29;0;150;5953;2976,5;1190,6;308;504;OPII;;KRX2714-JCP;139;50;;92;;;10;;;;;;;;;;;;;
391;709758623;51694048561;7908;S;Daniel Lopes da Silveira ;daniel.silveira;1971-03-07;23316440;2004-11-22;0;186;15464;7732;3092,8;220;624,96;OPI;;EUR7034-HYT;42;58;;26;;;10;;;;;;;;;;;;;
392;955598590;70885545674;6420;C;Carlos Amorim;carlos.amorim;1981-02-09;26690488;2013-10-07;0;162;11568;5784;2313,6;176;544,32;ADI;;OKE7134-WNZ;86;29;;167;;;213;;;;;;;;;;;;;
393;379135322;18379317008;1072;S;Flávio Santos Garcia;flávio.garcia;1981-12-10;34888967;1999-12-06;2006-04-09;168;5545;2772,5;1109;198;564,48;LOII;;QXW2144-EIS;34;45;;155;;;545;;;;;;;;;;;;;
394;903433992;14730791706;1526;C;Matheus Iglezias Perdomo;matheus.perdomo;1973-09-06;49790838;2004-09-24;0;187;7457;3728,5;1491,4;154;628,32;FIIII;;VTG9961-QLP;65;12;;59;;;322;;;;;;;;;;;;;
395;446375131;98040465951;6666;S;Sarah de Carvalho Gomes;sarah.gomes;1991-02-24;45270184;2009-02-19;0;171;16637;8318,5;3327,4;308;574,56;FIII;;BQW9343-GZM;146;57;;7;;;322;;;;;;;;;;;;;
396;754210732;82273436498;5223;S;Bianca Aguiar;bianca.aguiar;1987-04-15;47814227;2016-03-07;0;194;14101;7050,5;2820,2;242;651,84;ADII;;YEC1852-WTN;150;46;;53;;;213;;;;;;;;;;;;;
397;994059962;11744503687;4368;S;Renan Steiner Costa;renan.costa;1993-01-18;42639598;2011-01-14;2012-07-10;187;18348;9174;3669,6;264;628,32;FIIII;;KWS9951-JBR;58;57;;196;;;322;;;;;;;;;;;;;
398;772408887;76601050822;7086;C;Jeferson Pinheiro Mariano;jeferson.mariano;1998-01-25;22505160;2016-01-21;2018-01-07;161;6326;3163;1265,2;154;540,96;ADIII;;KTQ3383-AZW;35;33;;39;;;213;;;;;;;;;;;;;
399;444437861;5491331746;3897;C;Saranna Lepore Pinheiro;saranna.pinheiro;1992-06-04;22236777;2011-07-11;0;161;5193;2596,5;1038,6;264;540,96;LOII;;NPT9819-NKV;30;32;;185;;;545;;;;;;;;;;;;;
400;844810884;14197416597;2716;C;Cynthia Ribeiro;cynthia.ribeiro;1995-03-29;49620644;2013-03-24;0;228;24416;12208;4883,2;198;766,08;FIIV;;MMA8899-XAR;22;57;;57;;;322;;;;;;;;;;;;;
401;902928370;95289109417;7390;C;Gabriel Medina;gabriel.medina;1980-11-05;30041740;2010-07-28;2010-12-15;214;10064;5032;2012,8;308;719,04;FIV;;LPL7352-EJT;111;4;;90;;;322;;;;;;;;;;;;;
402;773983404;467464996;4097;C;Marcello Rebouças;marcello.rebouças;1987-06-08;37326824;2005-06-03;0;206;24597;12298,5;4919,4;176;692,16;OPI;;FQX5717-XJP;106;31;;179;;;10;;;;;;;;;;;;;
403;993321141;40616269986;6742;C;Gabriel Vasconcelos de Sousa;gabriel.sousa;1976-01-13;46861137;1998-11-27;0;161;19233;9616,5;3846,6;242;540,96;ADIII;;ZBU2158-FLC;129;58;;131;;;213;;;;;;;;;;;;;
404;839066393;97977355071;1280;C;Francyne Souza;francyne.souza;1975-10-26;27282530;1999-06-04;0;250;19403;9701,5;3880,6;286;840;FIII;;GPO6446-ASO;46;46;;77;;;322;;;;;;;;;;;;;
405;947787453;46000675854;5852;S;Ana Bernardo;ana.bernardo;1980-09-06;25655552;2014-12-26;0;206;20566;10283;4113,2;220;692,16;COI;;DBV3917-TJR;102;19;;140;;;11;;;;;;;;;;;;;
406;162654905;51770579641;7962;S;Carolina Racy;carolina.racy;1989-11-12;43733334;2007-11-08;0;227;6034;3017;1206,8;308;762,72;ADI;;OLE3328-SRU;43;8;;26;;;213;;;;;;;;;;;;;
407;347765084;42201510182;6761;S;Matheus Rubio;matheus.rubio;1996-01-22;30075072;2014-01-17;2018-01-07;165;22374;11187;4474,8;154;554,4;LOI;;WEI9861-VNI;79;36;;183;;;545;;;;;;;;;;;;;
408;811236996;25104167760;3780;C;Fernanda do Nascimento Rocha;fernanda.rocha;1994-12-21;47285154;2017-08-28;0;189;6403;3201,5;1280,6;154;635,04;OPI;;JIC1426-WTJ;68;12;;20;;;10;;;;;;;;;;;;;
409;843186297;20123952566;5428;S;Gabriela e Alves;gabriela.alves;1999-05-11;45204678;2017-05-06;0;162;6361;3180,5;1272,2;264;544,32;FII;;ZAV7938-HDT;138;39;;124;;;322;;;;;;;;;;;;;
410;929223260;29109681047;4279;C;Caio Aversa;caio.aversa;1985-09-24;49159866;2005-10-20;0;170;14021;7010,5;2804,2;220;571,2;COV;;OUS2149-FPH;76;23;;3;;;11;;;;;;;;;;;;;
411;464485545;66688518729;2408;S;Yuri Cruz;yuri.cruz;1972-06-25;25031336;2000-09-22;0;232;23747;11873,5;4749,4;176;779,52;COV;;PJM9512-VXH;73;16;;111;;;11;;;;;;;;;;;;;
412;153410587;33290646969;7712;C;Camilla Ferraz;camilla.ferraz;1992-07-05;41059560;2011-06-10;2013-04-15;153;1692;846;338,4;220;514,08;LOII;;NQI2911-DFQ;60;27;;170;;;545;;;;;;;;;;;;;
413;390671095;54805422684;3777;C;Nathalia Melo Eiras;nathalia.eiras;1992-08-15;24185391;2013-08-21;0;205;8304;4152;1660,8;242;688,8;COIV;;CED5201-YBX;37;31;;170;;;11;;;;;;;;;;;;;
414;598821192;26916365453;5041;S;Marianna Oliveira Leite Silva;marianna.silva;1980-05-01;32097757;2002-03-22;0;220;20689;10344,5;4137,8;242;739,2;ADI;;EFW8857-QVN;136;9;;166;;;213;;;;;;;;;;;;;
415;436878791;32819944879;6257;C;Lucas Alvarenga dos Santos;lucas.santos;1994-06-27;45508595;2012-06-22;0;208;8392;4196;1678,4;220;698,88;ADI;;PZH9261-TLA;47;12;;132;;;213;;;;;;;;;;;;;
416;114311291;79395837769;1711;S;Sarah Farias Mamede;sarah.mamede;1992-05-31;34019414;2010-05-27;2014-01-19;168;5646;2823;1129,2;198;564,48;COV;;FHC2107-NFM;122;42;;190;;;11;;;;;;;;;;;;;
417;997516185;64335743466;2594;C;Carolina Araujo Sagrillo;carolina.sagrillo;1995-12-13;37364507;2013-12-08;0;216;4628;2314;925,6;220;725,76;OPII;;PPA8052-JLL;61;2;;186;;;10;;;;;;;;;;;;;
418;952596883;60861742158;2107;C;Matheus Rodrigues Luiz;matheus.luiz;1994-01-31;37406771;2012-01-27;0;162;10025;5012,5;2005;308;544,32;OPI;;FXS8372-SHN;50;12;;196;;;10;;;;;;;;;;;;;
419;618103680;15575937682;4016;C;Marcello Jorge Montanholi;marcello.montanholi;1984-05-17;20017818;2002-06-06;0;182;15645;7822,5;3129;198;611,52;OPIII;;LQC4277-GSC;143;21;;20;;;10;;;;;;;;;;;;;
420;309878258;63353033207;4685;C;Giovanna Fahrnholz;giovanna.fahrnholz;1999-05-29;27708110;2017-05-24;0;244;2977;1488,5;595,4;308;819,84;ADIV;;QBA5326-ZSM;106;17;;183;;;213;;;;;;;;;;;;;
421;592929094;36634302419;1584;S;Rafael Oliveira Leite Silva;rafael.silva;1999-12-15;48931424;2017-12-10;0;205;13886;6943;2777,2;220;688,8;ADIII;;ZOD5266-WEM;132;21;;63;;;213;;;;;;;;;;;;;
422;360611412;10308691803;7762;S;João de Araújo  ;joão.araújo;1994-01-07;49865542;2012-01-03;2013-08-16;181;11390;5695;2278;264;608,16;ADIII;;PMF1644-FJF;141;28;;59;;;213;;;;;;;;;;;;;
423;422950543;40657332232;1645;S;Ighor Araujo Kelly;ighor.kelly;1979-01-22;38163321;2016-04-25;2018-01-07;198;14125;7062,5;2825;220;665,28;COII;;YZW1739-GNS;150;21;;109;;;11;;;;;;;;;;;;;
424;909194922;78128749092;6066;S;Leonardo Dias;leonardo.dias;1970-11-16;45044358;1993-10-06;2000-04-18;164;12224;6112;2444,8;264;551,04;FIII;;ZJL9482-CNJ;150;55;;198;;;322;;;;;;;;;;;;;
425;322226358;11518619598;6345;S;Amanda Marinho;amanda.marinho;1983-02-24;49830914;2010-09-19;0;197;23547;11773,5;4709,4;220;661,92;COI;;KSM4986-EYM;91;40;;158;;;11;;;;;;;;;;;;;
426;391636863;61231884566;5185;C;Tiago Souza Tanaka;tiago.tanaka;1970-07-27;44565049;1995-08-29;0;184;21021;10510,5;4204,2;154;618,24;OPII;;XYN2222-SLU;64;50;;62;874.0;;10;;;;;;;;;;;;;
427;616820954;16641348113;4869;S;Iasmim Jacques Gamboa Fernandez de Oliveira Netto;iasmim.netto;1976-05-18;43409237;1999-06-29;0;201;7259;3629,5;1451,8;308;675,36;COIV;;VIA2405-OMS;71;19;;166;;;11;;;;;;;;;;;;;
428;191603777;52851792433;2447;C;Pedro Hanashiro Moraes;pedro.moraes;1981-10-20;36777031;2005-02-12;0;232;6630;3315;1326;220;779,52;OPI;;JVO7966-BBM;57;29;;121;;;10;;;;;;;;;;;;;
429;714861459;77309426336;6435;S;Rafaela de Godoy;rafaela.godoy;1970-05-26;32020938;1992-07-31;0;195;20663;10331,5;4132,6;176;655,2;FIII;;RMW7354-SFN;85;23;;110;;;322;;;;;;;;;;;;;
430;669568164;66996351226;2645;C;Priscila Orçai Granado;priscila.granado;1988-02-15;30514975;2007-10-04;0;234;21594;10797;4318,8;264;786,24;LOIII;;HWA7098-FHC;101;22;;99;;;545;;;;;;;;;;;;;
431;691952759;36902237157;4721;S;Fernanda Gonçalves;fernanda.gonçalves;1991-04-04;31147672;2009-03-30;0;198;21631;10815,5;4326,2;154;665,28;OPI;;VNH3647-CLD;120;20;;119;;;10;;;;;;;;;;;;;
432;874758016;27419149327;4041;C;Yuske Orichio;yuske.orichio;1985-05-21;37415162;2005-11-22;0;234;23631;11815,5;4726,2;154;786,24;LOI;;CVO5228-JRV;32;7;;88;;;545;;;;;;;;;;;;;
433;598281457;26631297477;6259;S;Julia Freitas;julia.freitas;1996-09-29;20112820;2014-09-25;0;219;4103;2051,5;820,6;264;735,84;LOI;;SHZ3510-PYB;23;22;;81;;;545;;;;;;;;;;;;;
434;286770953;37554817302;3041;C;Bianca Vianna ;bianca.vianna;1981-08-13;45762254;2002-12-08;0;232;20238;10119;4047,6;264;779,52;FIV;;CLU3782-MGQ;42;32;;83;;;322;;;;;;;;;;;;;
435;519802938;54654247765;2555;S;Ana Barbosa;ana.barbosa;1985-06-08;25046384;2003-06-04;2004-11-21;169;16557;8278,5;3311,4;308;567,84;ADI;;BPJ9513-XRW;139;32;;17;;;213;;;;;;;;;;;;;
436;755646524;77485239025;3645;C;Emilaine Oliveira de Mello Silva;emilaine.silva;1973-11-25;47461020;2012-05-22;0;237;13150;6575;2630;308;796,32;LOI;;PBG4952-OLX;108;19;;160;;;545;;;;;;;;;;;;;
437;396843893;22528288180;2005;S;Ana Lassaval Farias;ana.farias;1973-10-31;20918639;1997-07-29;0;150;11131;5565,5;2226,2;154;504;ADV;;DPD5673-RUL;116;19;;195;;;213;;;;;;;;;;;;;
438;702742466;68945827666;6402;S;Diego Costa;diego.costa;1984-01-29;39394064;2009-05-20;0;208;11639;5819,5;2327,8;198;698,88;COIV;;OGP4524-WEF;80;15;;25;;;11;;;;;;;;;;;;;
439;731647816;27408718127;4771;S;Vitor Almeida da Silveira;vitor.silveira;1984-03-25;23490923;2017-11-03;0;215;15856;7928;3171,2;198;722,4;LOII;;LAO1073-LEN;137;33;;55;;;545;;;;;;;;;;;;;
440;333794194;43305491711;7677;S;Juan Fernandes de Araújo;juan.araújo;1978-01-21;23496953;2016-09-03;2018-01-07;223;20416;10208;4083,2;264;749,28;LOII;;KZW6955-ZOS;91;19;;82;;;545;;;;;;;;;;;;;
441;478295074;83146152609;1845;C;Paula Pessanha;paula.pessanha;1974-06-21;32784975;2006-08-26;0;194;16508;8254;3301,6;264;651,84;FIII;;NBC5308-PUD;75;42;;34;;;322;;;;;;;;;;;;;
442;391205085;22006784371;7832;S;Lorena Fernandes;lorena.fernandes;1980-10-21;36879301;2009-01-15;0;205;8805;4402,5;1761;176;688,8;COII;;RMH7650-BMV;139;32;;1;;;11;;;;;;;;;;;;;
443;196530929;41409729521;4870;C;Iris da Silva;iris.silva;1978-07-31;31627126;2001-08-30;0;205;14552;7276;2910,4;220;688,8;LOI;;UPQ2143-MYA;105;7;;2;;;545;;;;;;;;;;;;;
444;375471204;13096973006;1932;S;Maria Freire de Souza;maria.souza;1987-07-30;42253271;2011-03-13;0;170;10253;5126,5;2050,6;242;571,2;OPI;;AUZ6721-UPE;127;13;;131;;;10;;;;;;;;;;;;;
445;523811793;45219360780;2064;C;Geam Petraglia da Silva;geam.silva;1970-11-30;47466865;2002-01-15;0;218;7221;3610,5;1444,2;176;732,48;COI;;HIO1134-SLV;80;15;;17;;;11;;;;;;;;;;;;;
446;468526654;53415907150;2471;C;Guilherme Johnson;guilherme.johnson;1993-05-01;21072333;2011-04-27;0;165;3216;1608;643,2;154;554,4;ADIII;;QEP4227-FBF;27;47;;101;;;213;;;;;;;;;;;;;
447;932206409;2539417347;3044;C;Gabriela Romeu;gabriela.romeu;1983-11-28;43221338;2004-11-03;0;237;7077;3538,5;1415,4;286;796,32;OPII;;IAN6030-YPO;86;57;;134;;;10;;;;;;;;;;;;;
448;227570096;86146951688;1586;S;Ana Fernandes Filardi;ana.filardi;1975-10-28;25702440;2012-08-19;0;186;18381;9190,5;3676,2;286;624,96;LOIV;;DBQ3271-TXH;64;11;;28;;;545;;;;;;;;;;;;;
449;175436664;30741245211;3932;S;José do Vale Lisboa;josé.lisboa;1989-11-20;26079033;2013-01-07;0;160;14823;7411,5;2964,6;198;537,6;FIIII;;ZXC4058-KTJ;132;7;;122;;;322;;;;;;;;;;;;;
450;628618873;73828899456;3178;C;Luis dos Santos;luis.santos;1992-12-06;44096523;2015-06-09;0;163;21021;10510,5;4204,2;242;547,68;COV;;LJL1253-YXN;114;31;;36;;;11;;;;;;;;;;;;;
451;276720307;803438417;2023;C;Rodrigo Venceslau Santos de Gusmão;rodrigo.gusmão;1996-08-16;22003422;2014-08-12;0;199;15224;7612;3044,8;242;668,64;ADII;;IYI3125-ISP;105;32;;84;;;213;;;;;;;;;;;;;
452;949924183;66845644745;2223;C;Desirée Castro Guimarães;desirée.guimarães;1971-02-22;33615783;2008-06-25;0;162;15265;7632,5;3053;264;544,32;FIII;;IBY2824-WSE;135;37;;30;;;322;;;;;;;;;;;;;
453;511719360;90081572624;4750;S;Milena Cândido Xavier Ferreira;milena.ferreira;1997-08-30;30159766;2015-08-26;0;150;2506;1253;501,2;220;504;COI;;BHO8636-QCL;83;14;;183;;;11;;;;;;;;;;;;;
454;351409608;51501221540;3836;C;João Rodrigues;joão.rodrigues;1991-01-06;32850102;2009-01-01;0;224;20918;10459;4183,6;198;752,64;FII;;IAB3275-WNU;100;18;;95;;;322;;;;;;;;;;;;;
455;266690330;49595413705;1318;S;Beatriz Barrozo;beatriz.barrozo;1988-05-20;21386237;2014-02-06;0;188;16316;8158;3263,2;176;631,68;COII;;KPO9457-IEZ;145;58;;38;;;11;;;;;;;;;;;;;
456;113612469;55309835855;2868;S;Luiza Garcia Soares;luiza.soares;1995-02-21;46694322;2013-02-16;0;192;11258;5629;2251,6;308;645,12;OPII;;ZJJ3635-VGA;70;16;;140;;;10;;;;;;;;;;;;;
457;758571216;39575008176;1055;C;Arthur Gonzalez Assef Miranda;arthur.miranda;1983-10-01;27092721;2005-04-21;0;196;2966;1483;593,2;154;658,56;FII;;EYQ6682-BPO;72;23;;50;;;322;;;;;;;;;;;;;
458;904085550;4020333151;7257;C;Rafael Lobo;rafael.lobo;1978-04-23;41696721;1997-03-25;0;233;21885;10942,5;4377;286;782,88;OPI;;FHE2428-JBZ;100;53;;195;;;10;;;;;;;;;;;;;
459;102860464;30196640139;2410;S;Marcelo Monnerat;marcelo.monnerat;1985-09-05;42649154;2012-08-17;0;245;19314;9657;3862,8;220;823,2;COII;;JBN9435-LGC;130;52;;128;;;11;;;;;;;;;;;;;
460;336453453;56640227061;5109;C;Adelino Araujo;adelino.araujo;1976-09-06;25051915;2005-11-09;0;218;14225;7112,5;2845;308;732,48;OPI;;ZSN9048-ACK;49;24;;23;;;10;;;;;;;;;;;;;
461;906583930;75048434567;7902;S;Vinicius Monteiro;vinicius.monteiro;1995-09-15;33193871;2014-06-02;0;211;17184;8592;3436,8;220;708,96;ADII;;JIS3275-TCK;123;52;;156;;;213;;;;;;;;;;;;;
462;625527647;92863257246;5451;S;Lucas Procaci;lucas.procaci;1992-03-21;45221709;2010-03-17;0;220;5989;2994,5;1197,8;264;739,2;ADII;;BYM2976-CEN;98;37;;38;;;213;;;;;;;;;;;;;
463;585531458;65506203884;6453;C;Paloma Melo Lyra;paloma.lyra;1979-05-21;30678025;2005-03-09;0;169;15290;7645;3058;220;567,84;COI;;KME6012-QRA;28;40;;111;;;11;;;;;;;;;;;;;
464;697100232;20576586404;1168;C;Wesley de Melo Teixeira;wesley.teixeira;1997-11-23;44222034;2015-11-19;0;156;1486;743;297,2;220;524,16;LOI;;IXC2806-PWT;31;28;;36;;;545;;;;;;;;;;;;;
465;272662712;48030841974;6172;S;Luis Figueiredo Gabriel;luis.gabriel;1988-07-13;27776120;2013-01-13;0;181;20699;10349,5;4139,8;286;608,16;COI;;PRM5839-REE;20;8;;126;;;11;;;;;;;;;;;;;
466;409313286;68860346202;7796;C;Luiza Monnerat;luiza.monnerat;1994-09-18;39027676;2012-09-13;0;181;1838;919;367,6;308;608,16;ADIII;;SCI9618-EDJ;139;54;;123;;;213;;;;;;;;;;;;;
467;999755810;32776263108;2435;C;Daniel Garcia;daniel.garcia;1988-11-02;27349620;2006-10-29;0;220;23018;11509;4603,6;308;739,2;LOII;;XAA6375-SPD;95;1;;167;;;545;;;;;;;;;;;;;
468;656871927;50187820897;3451;C;Luiz de Mattos;luiz.mattos;1992-10-03;35332610;2010-09-29;0;239;8005;4002,5;1601;198;803,04;LOIII;;AEO8954-IVJ;63;56;;38;;;545;;;;;;;;;;;;;
469;762627169;54226412130;2795;S;André dos Santos Pereira Brito;andré.brito;1992-04-01;40207009;2015-12-27;0;242;1094;547;218,8;176;813,12;OPI;;JXC7224-SXB;50;0;;196;;;10;;;;;;;;;;;;;
470;532933077;69627094277;7243;S;Lucas Alvim;lucas.alvim;1992-05-30;46255217;2010-05-26;0;244;22039;11019,5;4407,8;286;819,84;OPIV;;EEG9763-DXS;61;40;;42;;;10;;;;;;;;;;;;;
471;463294612;71312076068;3793;S;Júlia de Oliveira;júlia.oliveira;1981-07-01;37617949;2002-05-03;0;232;7228;3614;1445,6;286;779,52;COI;;EML3792-XLB;104;35;;185;;;11;;;;;;;;;;;;;
472;474469011;79178311692;6983;S;Bruna Santos Oliveira;bruna.oliveira;1974-11-08;39964322;2010-10-14;2012-06-12;210;10551;5275,5;2110,2;198;705,6;COII;;QHP8469-ZXV;111;35;;30;;;11;;;;;;;;;;;;;
473;690599885;56034243224;3485;S;Vinícius Lencastre;vinícius.lencastre;1978-10-09;29812883;2001-10-10;0;155;11843;5921,5;2368,6;286;520,8;FII;;IZZ8128-WWE;135;2;;157;;;322;;;;;;;;;;;;;
474;747804546;79216815163;4720;C;Daniel Pinto Anastácio Machado;daniel.machado;1990-10-08;30624694;2014-04-30;0;231;6992;3496;1398,4;176;776,16;ADII;;DXC9262-KXA;124;55;;196;;;213;;;;;;;;;;;;;
475;723955185;90987125617;2484;C;Breno Franklin da Silva;breno.silva;1988-01-26;47304266;2013-05-29;0;205;8241;4120,5;1648,2;264;688,8;LOII;;GBA8017-OVP;96;57;;50;;;545;;;;;;;;;;;;;
476;198675604;34250069684;6626;S;Renata Lopes de Oliveira;renata.oliveira;1972-04-17;26064205;2006-12-08;0;157;2543;1271,5;508,6;198;527,52;LOI;;PJN9187-ZYF;143;41;;122;;;545;;;;;;;;;;;;;
477;873349300;96097462331;4341;S;Thayane Wermelinger Santos;thayane.santos;1991-11-18;43044579;2009-11-13;0;222;16187;8093,5;3237,4;308;745,92;ADIV;;OPC7045-TPG;119;47;;8;;;213;;;;;;;;;;;;;
478;863391666;75731877319;5699;S;Ramon De Moraes Bergara;ramon.bergara;1989-11-02;28677999;2007-10-29;0;244;9542;4771;1908,4;220;819,84;COI;;LKQ3800-STK;81;10;;108;;;11;;;;;;;;;;;;;
479;630717376;64306524088;1217;S;João da Silva ;joão.silva;1979-11-25;37897262;2015-09-03;0;223;21796;10898;4359,2;242;749,28;COV;;QGP4693-PCR;49;54;;0;;;11;;;;;;;;;;;;;
480;997859911;82341234351;5430;S;Mauricio Jardim;mauricio.jardim;1971-11-23;47011874;1997-03-26;0;167;4566;2283;913,2;308;561,12;LOIV;;CXQ4485-TJT;140;22;;195;;;545;;;;;;;;;;;;;
481;830959072;46146265473;3472;S;Lais Cormack;lais.cormack;1986-05-13;35147794;2009-05-04;0;243;8832;4416;1766,4;198;816,48;OPIV;;RHB2967-WCC;134;31;;44;;;10;;;;;;;;;;;;;
482;557721604;21274815670;7215;C;Milena Fernandes;milena.fernandes;1971-10-22;43372960;1991-01-08;0;230;12636;6318;2527,2;220;772,8;LOIII;;JBE7897-UTX;113;19;;54;;;545;;;;;;;;;;;;;
483;880209213;83588649005;6927;S;Paloma Agostinho Marques dos Santos;paloma.santos;1988-12-20;36077010;2006-12-16;0;219;1217;608,5;243,4;154;735,84;COII;;LIK7648-UXH;105;58;;72;;;11;;;;;;;;;;;;;
484;858876368;6716869616;3276;S;Pedro da Silva ;pedro.silva;1971-12-03;39863490;1992-12-02;0;188;15922;7961;3184,4;176;631,68;OPIV;;KXV4063-KSX;113;44;;159;;;10;;;;;;;;;;;;;
485;694770248;78675180676;1525;C;Luisa da Costa  ;luisa.costa;1983-04-16;36876726;2015-05-12;0;198;18304;9152;3660,8;286;665,28;OPI;;UYP5300-ZGV;126;52;;106;;;10;;;;;;;;;;;;;
486;449727193;36810461401;5737;S;Beatriz de Lima Oliveira;beatriz.oliveira;1983-10-27;42038649;2001-10-22;0;179;15356;7678;3071,2;242;601,44;COII;;TJZ5621-ZGI;99;36;;2;;;11;;;;;;;;;;;;;
487;863737321;67776404197;6327;S;Priscilla Barcelos Tagliari;priscilla.tagliari;1997-01-03;30615672;2014-12-30;0;243;6803;3401,5;1360,6;286;816,48;OPV;;XYX6389-VSE;126;54;;87;;;10;;;;;;;;;;;;;
488;855410323;36372640719;5521;C;Stefan Silva;stefan.silva;1993-04-08;39081452;2011-04-04;0;208;13808;6904;2761,6;176;698,88;FIIII;;SJI5014-MFA;80;26;;142;;;322;;;;;;;;;;;;;
489;399085305;43392060854;5022;S;Eduardo de Carvalho;eduardo.carvalho;1999-05-13;36444182;2017-05-08;0;154;2270;1135;454;198;517,44;OPV;;ZSD7071-MXU;45;49;;19;;;10;;;;;;;;;;;;;
490;412671736;10863405761;3726;S;Pedro Jardim;pedro.jardim;1992-03-10;27781414;2015-01-14;0;173;11171;5585,5;2234,2;286;581,28;ADIII;;XRF9452-JGO;106;49;;120;;;213;;;;;;;;;;;;;
491;951369560;87869928006;4507;S;Mariana Sartorio;mariana.sartorio;1985-01-18;24999418;2004-01-17;0;225;16267;8133,5;3253,4;308;756;COII;;MOW8630-TZB;68;12;;155;;;11;;;;;;;;;;;;;
492;525819007;77290763348;3590;S;Thomaz Campelo da Silva;thomaz.silva;1995-02-15;48582614;2013-02-10;0;174;7665;3832,5;1533;176;584,64;COI;;EYM4789-ORZ;84;54;;182;;;11;;;;;;;;;;;;;
493;728334741;92143125956;5312;S;Pedro Vilas Bôas;pedro.bôas;1990-02-08;38452533;2008-02-04;2013-03-30;196;4968;2484;993,6;286;658,56;LOI;;UJK3777-KIG;75;27;;29;;;545;;;;;;;;;;;;;
494;307135080;91436370502;1504;C;Helena Carramanhos Peixoto ;helena.peixoto;1980-09-25;28668019;2001-03-20;0;205;16621;8310,5;3324,2;154;688,8;FIIII;;YGU3034-TQK;77;52;;200;;;322;;;;;;;;;;;;;
495;982291303;56700558997;5942;C;Carolina Marques;carolina.marques;1994-11-25;39068531;2014-11-15;2018-01-07;229;5363;2681,5;1072,6;198;769,44;LOIII;;OZT3825-SCD;96;20;;34;;;545;;;;;;;;;;;;;
496;243564935;96283060188;4146;S;Nicolas Conceição Leite;nicolas.leite;1980-08-06;47790880;2011-03-16;0;230;6710;3355;1342;308;772,8;COI;;RUE4183-VKX;57;3;;40;;;11;;;;;;;;;;;;;
497;837201753;1387367641;2031;S;João Resinente;joão.resinente;1996-09-17;40511266;2014-09-13;0;247;23256;11628;4651,2;308;829,92;ADII;;BUP1490-QQG;144;32;;132;;;213;;;;;;;;;;;;;
498;413322638;10180348974;5238;S;Luize da Costa;luize.costa;1980-11-30;23488648;2013-01-14;0;151;17162;8581;3432,4;176;507,36;ADIII;;ORU6967-XQG;139;56;;11;;;213;;;;;;;;;;;;;
499;152005418;31652836240;1655;C;Bárbara Gonçalves ;bárbara.gonçalves;1992-09-21;35329849;2010-09-17;0;173;20338;10169;4067,6;286;581,28;COI;;HQS6481-FQZ;73;19;;1;;;11;;;;;;;;;;;;;
500;854512164;88519923483;3309;C;Carolina Calafate;carolina.calafate;1993-01-20;25515718;2011-01-16;2017-03-05;205;13296;6648;2659,2;198;688,8;LOII;;YXK9566-ZEN;115;51;;166;;;545;;;;;;;;;;;;;
501;143836000;71399869639;2648;S;Yuri Vasconcelos;yuri.vasconcelos;1984-11-10;40170885;2002-11-06;2009-05-07;190;19609;9804,5;3921,8;264;638,4;ADII;;DRF3116-OJS;145;26;;99;;;213;;;;;;;;;;;;;
502;575413219;95126718515;4058;S;Mateus Novaes Silva;mateus.silva;1975-06-21;48962482;2007-10-01;0;225;24070;12035;4814;308;756;COV;;VCL8538-VFP;133;44;;197;;;11;;;;;;;;;;;;;
503;511104966;75133438138;4113;C;Mariana Almeida Alexandre;mariana.alexandre;1991-06-15;31383800;2009-06-10;0;167;17258;8629;3451,6;286;561,12;OPIII;;GAC6850-MHE;147;30;;127;;;10;;;;;;;;;;;;;
504;186440635;39765809261;6365;S;Diego de Melo Teixeira;diego.teixeira;1987-07-29;35106746;2008-01-15;2012-10-04;247;7240;3620;1448;176;829,92;FIII;;MME3032-KZC;57;43;;89;;;322;;;;;;;;;;;;;
505;201184662;68307546459;2192;S;Paulo de Oliveira e Mello     ;paulo.mello;1976-09-06;38947870;1997-03-05;0;152;19792;9896;3958,4;242;510,72;COII;;TFO7795-UXA;80;31;;118;;;11;;;;;;;;;;;;;
506;508564399;53711524927;5637;C;Bianca Lemos;bianca.lemos;1983-04-27;44315832;2001-04-22;0;220;22506;11253;4501,2;286;739,2;ADII;;BRH5565-QGH;65;8;;188;;;213;;;;;;;;;;;;;
507;654411966;44246436282;7423;S;Thiago Fernandes de Araújo;thiago.araújo;1974-06-03;40606591;1996-01-09;0;248;13725;6862,5;2745;176;833,28;OPII;;UBN6423-KEQ;79;36;;107;;;10;;;;;;;;;;;;;
508;437668993;90730378349;1558;C;João Negrelli;joão.negrelli;1977-12-17;25921038;2008-06-08;2018-01-07;186;19255;9627,5;3851;286;624,96;FIII;;UOY9797-LMN;70;60;;151;;;322;;;;;;;;;;;;;
509;672059506;26894389692;4027;S;João Suzano;joão.suzano;1977-02-15;26986587;2000-05-15;2001-01-20;178;8085;4042,5;1617;242;598,08;LOII;;JRL8523-HHI;26;5;;61;;;545;;;;;;;;;;;;;
510;900385854;34338608047;7846;S;Bruna Rocha de Carvalho;bruna.carvalho;1999-05-30;20768418;2017-05-25;0;198;15934;7967;3186,8;154;665,28;COI;;IRR4026-BKD;139;45;;131;;;11;;;;;;;;;;;;;
511;327053187;5294941955;6604;S;Samantha de Oliveira Pereira;samantha.pereira;1982-03-15;49448178;2000-03-10;0;194;4059;2029,5;811,8;308;651,84;OPIV;;WDI7601-SWQ;86;9;;109;;;10;;;;;;;;;;;;;
512;788739752;99951511054;2404;S;Bruno Paes Leme;bruno.leme;1983-09-16;23634331;2014-09-06;0;190;1410;705;282;154;638,4;FIII;;FSW8142-BGK;34;29;;94;;;322;;;;;;;;;;;;;
513;314022078;44809174881;4157;S;João Monteiro;joão.monteiro;1991-05-11;20647131;2009-05-06;0;173;6455;3227,5;1291;154;581,28;ADIII;;MFU8949-QYK;32;59;;8;;;213;;;;;;;;;;;;;
514;554710395;7583432285;4633;C;Yago Oliveira;yago.oliveira;1982-09-02;36968950;2013-10-03;0;245;3505;1752,5;701;220;823,2;COI;;ZSS7728-LIG;27;49;;113;;;11;;;;;;;;;;;;;
515;529249286;61226558260;3915;C;Leandro Tabet;leandro.tabet;1971-12-09;42975724;2005-08-06;2015-07-16;156;10885;5442,5;2177;176;524,16;COII;;RDS9332-AQO;149;21;;120;;;11;;;;;;;;;;;;;
516;158937359;36073984746;6411;C;Beatriz Virginio;beatriz.virginio;1981-01-29;30972933;1999-01-25;2004-03-16;189;10136;5068;2027,2;264;635,04;COIII;;OSL2416-ETO;126;3;;62;;;11;;;;;;;;;;;;;
517;296806913;18870210999;1126;C;Maria Mello;maria.mello;1996-09-16;22600038;2014-09-12;0;212;18080;9040;3616;308;712,32;LOII;;ZUF9288-NNM;42;7;;12;;;545;;;;;;;;;;;;;
518;895045907;6864440781;5159;S;Nuno de Oliveira Sampaio;nuno.sampaio;1996-02-13;32984429;2014-02-08;0;244;6652;3326;1330,4;308;819,84;COI;;ATA8785-ZEK;68;3;;14;177.0;;11;;;;;;;;;;;;;
519;291183378;1425235998;6099;S;Manuela Abreu Braga Martins;manuela.martins;1984-11-05;27050144;2013-03-12;0;232;4487;2243,5;897,4;242;779,52;FIIV;;BZJ6113-DVL;69;41;;58;;;322;;;;;;;;;;;;;
520;942888625;65848718595;6153;S;Flávio Silva Mendonça;flávio.mendonça;1996-12-02;43212305;2014-11-28;0;176;10313;5156,5;2062,6;220;591,36;ADII;;WPN9829-NLY;111;3;;166;;;213;;;;;;;;;;;;;
521;978537053;58779311477;6542;C;Ébio Velucci;ébio.velucci;1994-09-29;47974844;2012-09-24;0;179;11403;5701,5;2280,6;198;601,44;ADI;;SQV8470-OAF;78;5;;83;;;213;;;;;;;;;;;;;
522;447186324;77875037290;4781;S;Victor Fonseca;victor.fonseca;1990-03-25;32518801;2016-02-10;2018-01-07;173;24566;12283;4913,2;154;581,28;ADI;;IEU8913-HAN;129;53;;188;;;213;;;;;;;;;;;;;
523;269282574;34537664161;3743;C;Bernardo Silva;bernardo.silva;1982-06-19;26164321;2013-12-17;0;172;3224;1612;644,8;242;577,92;OPII;;PTN9089-EEN;135;34;;3;;;10;;;;;;;;;;;;;
524;212352012;62475923475;3024;C;Guilherme Cerne Barreto;guilherme.barreto;1990-02-17;36519938;2008-02-13;0;151;1949;974,5;389,8;264;507,36;OPV;;AFV7613-DHA;94;25;;57;;;10;;;;;;;;;;;;;
525;302399152;86588384096;7313;C;Nathália Fernandes de Araújo;nathália.araújo;1978-04-29;49428437;2017-09-26;0;244;3375;1687,5;675;308;819,84;ADIV;;WOA7495-SRZ;79;1;;124;;;213;;;;;;;;;;;;;
526;789006468;91504980777;3135;S;Guilherme Lander Regasso;guilherme.regasso;1978-02-07;28852133;2002-08-14;0;215;3693;1846,5;738,6;220;722,4;OPI;;QOU1028-JKA;88;9;;118;;;10;;;;;;;;;;;;;
527;541170567;76926775882;3150;S;Brenno Silva;brenno.silva;1983-08-25;32209610;2001-08-20;0;233;7092;3546;1418,4;308;782,88;OPII;;NJU3438-GDB;114;39;;50;15.0;;10;;;;;;;;;;;;;
528;489004123;46111631889;7348;S;William Araujo Kelly;william.kelly;1970-01-18;45930385;1996-01-15;0;248;17701;8850,5;3540,2;198;833,28;OPIII;;JQL5655-SSB;119;30;;62;;;10;;;;;;;;;;;;;
529;261816261;9831992563;2708;C;Daniele Blumberg;daniele.blumberg;1982-09-19;35798998;2017-04-02;0;215;12127;6063,5;2425,4;154;722,4;ADI;;PDD9944-NQU;143;52;;147;;;213;;;;;;;;;;;;;
530;790071411;92698612354;5895;C;Jorge Nascimento Viríssimo;jorge.viríssimo;1997-02-02;42849643;2015-01-29;2018-01-07;180;5299;2649,5;1059,8;176;604,8;FIV;;CCU1721-FAJ;143;59;;172;;;322;;;;;;;;;;;;;
531;524024983;95358890619;3172;S;Gabriel Tourinho Rodrigues;gabriel.rodrigues;1983-12-26;27192903;2011-04-09;0;249;2963;1481,5;592,6;198;836,64;ADV;;ZJC3223-LGA;49;10;;166;;;213;;;;;;;;;;;;;
532;401461132;76210493256;4074;S;João Cavalcanti Alves;joão.alves;1970-05-15;30139757;1998-08-14;2003-06-12;176;21958;10979;4391,6;176;591,36;COIII;;OOJ5936-QBW;117;23;;70;;;11;;;;;;;;;;;;;
533;320166315;58687062248;4853;C;Bernardo Magno;bernardo.magno;1985-03-24;37278455;2005-12-05;0;155;14058;7029;2811,6;220;520,8;ADI;;ITL2023-OIC;32;41;;174;;;213;;;;;;;;;;;;;
534;785803477;96855777753;6239;C;Raíza Barcellos;raíza.barcellos;1976-03-13;43864344;2000-09-19;0;150;3934;1967;786,8;264;504;LOII;;NWG5077-PBZ;146;13;;117;;;545;;;;;;;;;;;;;
535;195532101;2439810843;5239;C;Bernardo da cunha ;bernardo.cunha;1979-06-30;45499870;2002-03-17;0;170;21622;10811;4324,4;286;571,2;LOII;;CKP3287-UEK;55;57;;88;;;545;;;;;;;;;;;;;
536;486535229;4764050200;3572;C;Julia Novaes Silva;julia.silva;1992-11-10;21517794;2013-11-02;0;173;7552;3776;1510,4;154;581,28;COII;;XWA4609-XHL;139;41;;44;;;11;;;;;;;;;;;;;
537;981279157;54115282873;1376;S;Arthur Bispo;arthur.bispo;1993-07-22;34689811;2011-07-18;0;154;1372;686;274,4;308;517,44;COII;;SEA1242-VQT;60;35;;4;;;11;;;;;;;;;;;;;
538;464550454;16126495226;6269;S;Raianne Brum;raianne.brum;1988-06-03;31097240;2013-08-12;0;213;11791;5895,5;2358,2;176;715,68;FIV;;QLF8561-NLL;56;44;;114;;;322;;;;;;;;;;;;;
539;581607230;53692945235;7334;C;Renan Assis da Silva;renan.silva;1970-06-04;46713680;2003-09-06;2006-12-22;241;8932;4466;1786,4;220;809,76;FIIII;;CRK2830-LYP;114;58;;142;;;322;;;;;;;;;;;;;
